VOW.DE,02.05.2014,67018
VOW.DE,05.05.2014,69295
VOW.DE,06.05.2014,49051
VOW.DE,07.05.2014,52484
VOW.DE,08.05.2014,51892
VOW.DE,09.05.2014,40368
VOW.DE,12.05.2014,48976
VOW.DE,13.05.2014,116131
VOW.DE,14.05.2014,68446
VOW.DE,15.05.2014,63081
VOW.DE,16.05.2014,93028
VOW.DE,19.05.2014,48970
VOW.DE,20.05.2014,34437
VOW.DE,21.05.2014,65593
VOW.DE,22.05.2014,45599
VOW.DE,23.05.2014,31373
VOW.DE,26.05.2014,37289
VOW.DE,27.05.2014,51212
VOW.DE,28.05.2014,43255
VOW.DE,29.05.2014,16614
VOW.DE,30.05.2014,44257
VOW.DE,02.06.2014,34660
VOW.DE,03.06.2014,40681
VOW.DE,04.06.2014,142068
VOW.DE,05.06.2014,102491
VOW.DE,06.06.2014,61312
VOW.DE,09.06.2014,24039
VOW.DE,10.06.2014,59097
VOW.DE,11.06.2014,56605
VOW.DE,12.06.2014,39686
VOW.DE,13.06.2014,48041
VOW.DE,16.06.2014,44520
VOW.DE,17.06.2014,36075
VOW.DE,18.06.2014,42144
VOW.DE,19.06.2014,38575
VOW.DE,20.06.2014,60507
VOW.DE,23.06.2014,46464
VOW.DE,24.06.2014,69617
VOW.DE,25.06.2014,78426
VOW.DE,26.06.2014,75940
VOW.DE,27.06.2014,75044
VOW.DE,30.06.2014,75081
VOW.DE,01.07.2014,51544
VOW.DE,02.07.2014,73715
VOW.DE,03.07.2014,96880
VOW.DE,04.07.2014,48179
VOW.DE,07.07.2014,75483
VOW.DE,08.07.2014,83802
VOW.DE,09.07.2014,77988
VOW.DE,10.07.2014,85903
VOW.DE,11.07.2014,86023
VOW.DE,14.07.2014,35740
VOW.DE,15.07.2014,63411
VOW.DE,16.07.2014,90223
VOW.DE,17.07.2014,117181
VOW.DE,18.07.2014,57516
VOW.DE,21.07.2014,66719
VOW.DE,22.07.2014,33961
VOW.DE,23.07.2014,41135
VOW.DE,24.07.2014,35415
VOW.DE,25.07.2014,59657
VOW.DE,28.07.2014,104869
VOW.DE,29.07.2014,136215
VOW.DE,30.07.2014,66673
VOW.DE,31.07.2014,135744
VOW.DE,01.08.2014,106415
VOW.DE,04.08.2014,87330
VOW.DE,05.08.2014,99976
VOW.DE,06.08.2014,99836
VOW.DE,07.08.2014,63034
VOW.DE,08.08.2014,62196
VOW.DE,11.08.2014,73429
VOW.DE,12.08.2014,57228
VOW.DE,13.08.2014,77948
VOW.DE,14.08.2014,72634
VOW.DE,15.08.2014,77741
VOW.DE,18.08.2014,48189
VOW.DE,19.08.2014,44475
VOW.DE,20.08.2014,46818
VOW.DE,21.08.2014,42494
VOW.DE,22.08.2014,53636
VOW.DE,25.08.2014,31258
VOW.DE,26.08.2014,22749
VOW.DE,27.08.2014,30731
VOW.DE,28.08.2014,41357
VOW.DE,29.08.2014,54642
VOW.DE,01.09.2014,32764
VOW.DE,02.09.2014,48847
VOW.DE,03.09.2014,61893
VOW.DE,04.09.2014,74538
VOW.DE,05.09.2014,69482
VOW.DE,08.09.2014,47568
VOW.DE,09.09.2014,37742
VOW.DE,10.09.2014,40442
VOW.DE,11.09.2014,31396
VOW.DE,12.09.2014,43910
VOW.DE,15.09.2014,22203
VOW.DE,16.09.2014,55803
VOW.DE,17.09.2014,42346
VOW.DE,18.09.2014,47850
VOW.DE,19.09.2014,66804
VOW.DE,22.09.2014,54437
VOW.DE,23.09.2014,79321
VOW.DE,24.09.2014,54120
VOW.DE,25.09.2014,92254
VOW.DE,26.09.2014,50841
VOW.DE,29.09.2014,82598
VOW.DE,30.09.2014,78002
VOW.DE,01.10.2014,92902
VOW.DE,02.10.2014,106900
VOW.DE,06.10.2014,80849
VOW.DE,07.10.2014,52187
VOW.DE,08.10.2014,73621
VOW.DE,09.10.2014,86451
VOW.DE,10.10.2014,107809
VOW.DE,13.10.2014,79226
VOW.DE,14.10.2014,108276
VOW.DE,15.10.2014,130025
VOW.DE,16.10.2014,149939
VOW.DE,17.10.2014,145710
VOW.DE,20.10.2014,114093
VOW.DE,21.10.2014,80903
VOW.DE,22.10.2014,69874
VOW.DE,23.10.2014,132637
VOW.DE,24.10.2014,49668
VOW.DE,27.10.2014,70381
VOW.DE,28.10.2014,59174
VOW.DE,29.10.2014,42020
VOW.DE,30.10.2014,112827
VOW.DE,31.10.2014,87455
VOW.DE,03.11.2014,71289
VOW.DE,04.11.2014,82816
VOW.DE,05.11.2014,75010
VOW.DE,06.11.2014,94944
VOW.DE,07.11.2014,66412
VOW.DE,10.11.2014,57722
VOW.DE,11.11.2014,50411
VOW.DE,12.11.2014,64250
VOW.DE,13.11.2014,64071
VOW.DE,14.11.2014,44302
VOW.DE,17.11.2014,55726
VOW.DE,18.11.2014,123956
VOW.DE,19.11.2014,55466
VOW.DE,20.11.2014,33935
VOW.DE,21.11.2014,76252
VOW.DE,24.11.2014,84816
VOW.DE,25.11.2014,80274
VOW.DE,26.11.2014,47347
VOW.DE,27.11.2014,22686
VOW.DE,28.11.2014,47188
VOW.DE,01.12.2014,50993
VOW.DE,02.12.2014,41985
VOW.DE,03.12.2014,54587
VOW.DE,04.12.2014,53739
VOW.DE,05.12.2014,51457
VOW.DE,08.12.2014,48145
VOW.DE,09.12.2014,56446
VOW.DE,10.12.2014,57262
VOW.DE,11.12.2014,93443
VOW.DE,12.12.2014,63558
VOW.DE,15.12.2014,75854
VOW.DE,16.12.2014,106329
VOW.DE,17.12.2014,69388
VOW.DE,18.12.2014,59290
VOW.DE,19.12.2014,82370
VOW.DE,22.12.2014,50754
VOW.DE,23.12.2014,68770
VOW.DE,29.12.2014,41612
VOW.DE,30.12.2014,19237
VOW.DE,02.01.2015,40817
VOW.DE,05.01.2015,70150
VOW.DE,06.01.2015,45334
VOW.DE,07.01.2015,44881
VOW.DE,08.01.2015,71332
VOW.DE,09.01.2015,65330
VOW.DE,12.01.2015,62249
VOW.DE,13.01.2015,54672
VOW.DE,14.01.2015,45063
VOW.DE,15.01.2015,65308
VOW.DE,16.01.2015,79451
VOW.DE,19.01.2015,104864
VOW.DE,20.01.2015,64093
VOW.DE,21.01.2015,100586
VOW.DE,22.01.2015,116547
VOW.DE,23.01.2015,134259
VOW.DE,26.01.2015,111907
VOW.DE,27.01.2015,84861
VOW.DE,28.01.2015,86681
VOW.DE,29.01.2015,72101
VOW.DE,30.01.2015,126135
VOW.DE,02.02.2015,96380
VOW.DE,03.02.2015,100955
VOW.DE,04.02.2015,64836
VOW.DE,05.02.2015,78803
VOW.DE,06.02.2015,62313
VOW.DE,09.02.2015,71516
VOW.DE,10.02.2015,65731
VOW.DE,11.02.2015,44772
VOW.DE,12.02.2015,87890
VOW.DE,13.02.2015,96213
VOW.DE,16.02.2015,51255
VOW.DE,17.02.2015,65087
VOW.DE,18.02.2015,79840
VOW.DE,19.02.2015,107207
VOW.DE,20.02.2015,74813
VOW.DE,23.02.2015,67573
VOW.DE,24.02.2015,47853
VOW.DE,25.02.2015,42961
VOW.DE,26.02.2015,91994
VOW.DE,27.02.2015,178252
VOW.DE,02.03.2015,117677
VOW.DE,03.03.2015,71894
VOW.DE,04.03.2015,92706
VOW.DE,05.03.2015,70304
VOW.DE,06.03.2015,67152
VOW.DE,09.03.2015,84165
VOW.DE,10.03.2015,86237
VOW.DE,11.03.2015,122126
VOW.DE,12.03.2015,103179
VOW.DE,13.03.2015,114403
VOW.DE,16.03.2015,104586
VOW.DE,17.03.2015,209114
VOW.DE,18.03.2015,188952
VOW.DE,19.03.2015,126791
VOW.DE,20.03.2015,105068
VOW.DE,23.03.2015,100057
VOW.DE,24.03.2015,124573
VOW.DE,25.03.2015,67403
VOW.DE,26.03.2015,106521
VOW.DE,27.03.2015,83953
VOW.DE,30.03.2015,57920
VOW.DE,31.03.2015,82079
VOW.DE,01.04.2015,82446
VOW.DE,02.04.2015,43567
VOW.DE,07.04.2015,45004
VOW.DE,08.04.2015,74952
VOW.DE,09.04.2015,53290
VOW.DE,10.04.2015,85415
VOW.DE,13.04.2015,58472
VOW.DE,14.04.2015,85803
VOW.DE,15.04.2015,88833
VOW.DE,16.04.2015,78935
VOW.DE,17.04.2015,95285
VOW.DE,20.04.2015,89758
VOW.DE,21.04.2015,85687
VOW.DE,22.04.2015,82987
VOW.DE,23.04.2015,100993
VOW.DE,24.04.2015,105131
VOW.DE,27.04.2015,171660
VOW.DE,28.04.2015,132179
VOW.DE,29.04.2015,104491
VOW.DE,30.04.2015,78977
VOW.DE,04.05.2015,50799
VOW.DE,05.05.2015,75494
VOW.DE,06.05.2015,103595
VOW.DE,07.05.2015,92932
VOW.DE,08.05.2015,97421
VOW.DE,11.05.2015,81298
VOW.DE,12.05.2015,125438
VOW.DE,13.05.2015,110344
VOW.DE,14.05.2015,61234
VOW.DE,15.05.2015,79419
VOW.DE,18.05.2015,94301
VOW.DE,19.05.2015,94059
VOW.DE,20.05.2015,58772
VOW.DE,21.05.2015,63230
VOW.DE,22.05.2015,43471
VOW.DE,26.05.2015,77554
VOW.DE,27.05.2015,71236
VOW.DE,28.05.2015,62976
VOW.DE,29.05.2015,535156
VOW.DE,01.06.2015,62328
VOW.DE,02.06.2015,73355
VOW.DE,03.06.2015,78614
VOW.DE,04.06.2015,52623
VOW.DE,05.06.2015,56617
VOW.DE,08.06.2015,82653
VOW.DE,09.06.2015,103894
VOW.DE,10.06.2015,93300
VOW.DE,11.06.2015,62037
VOW.DE,12.06.2015,63149
VOW.DE,15.06.2015,64987
VOW.DE,16.06.2015,55667
VOW.DE,17.06.2015,68477
VOW.DE,18.06.2015,105481
VOW.DE,19.06.2015,75399
VOW.DE,22.06.2015,79045
VOW.DE,23.06.2015,80142
VOW.DE,24.06.2015,63984
VOW.DE,25.06.2015,43098
VOW.DE,26.06.2015,49485
VOW.DE,29.06.2015,102072
VOW.DE,30.06.2015,96141
VOW.DE,01.07.2015,101590
VOW.DE,02.07.2015,54403
VOW.DE,03.07.2015,32396
VOW.DE,06.07.2015,48412
VOW.DE,07.07.2015,85174
VOW.DE,08.07.2015,128999
VOW.DE,09.07.2015,69038
VOW.DE,10.07.2015,110529
VOW.DE,13.07.2015,83854
VOW.DE,14.07.2015,101647
VOW.DE,15.07.2015,96378
VOW.DE,16.07.2015,99861
VOW.DE,17.07.2015,81615
VOW.DE,20.07.2015,85080
VOW.DE,21.07.2015,66716
VOW.DE,22.07.2015,78723
VOW.DE,23.07.2015,93636
VOW.DE,24.07.2015,95679
VOW.DE,27.07.2015,91387
VOW.DE,28.07.2015,124001
VOW.DE,29.07.2015,214847
VOW.DE,30.07.2015,73617
VOW.DE,31.07.2015,98376
VOW.DE,03.08.2015,87754
VOW.DE,04.08.2015,82003
VOW.DE,05.08.2015,125852
VOW.DE,06.08.2015,78001
VOW.DE,07.08.2015,76083
VOW.DE,10.08.2015,62537
VOW.DE,11.08.2015,155718
VOW.DE,12.08.2015,195069
VOW.DE,13.08.2015,102951
VOW.DE,14.08.2015,54081
VOW.DE,17.08.2015,72027
VOW.DE,18.08.2015,81964
VOW.DE,19.08.2015,120451
VOW.DE,20.08.2015,137011
VOW.DE,21.08.2015,129134
VOW.DE,24.08.2015,321454
VOW.DE,25.08.2015,201703
VOW.DE,26.08.2015,128375
VOW.DE,27.08.2015,126388
VOW.DE,28.08.2015,59978
VOW.DE,31.08.2015,80455
VOW.DE,01.09.2015,88884
VOW.DE,02.09.2015,110567
VOW.DE,03.09.2015,72682
VOW.DE,04.09.2015,100289
VOW.DE,07.09.2015,23893
VOW.DE,08.09.2015,60491
VOW.DE,09.09.2015,106074
VOW.DE,10.09.2015,75514
VOW.DE,11.09.2015,39165
VOW.DE,14.09.2015,31878
VOW.DE,15.09.2015,41889
VOW.DE,16.09.2015,58404
VOW.DE,17.09.2015,60618
VOW.DE,18.09.2015,112750
VOW.DE,21.09.2015,1496789
VOW.DE,22.09.2015,3058738
VOW.DE,23.09.2015,2381323
VOW.DE,24.09.2015,1542875
VOW.DE,25.09.2015,880779
VOW.DE,28.09.2015,865427
VOW.DE,29.09.2015,513701
VOW.DE,30.09.2015,416515
VOW.DE,01.10.2015,477764
VOW.DE,02.10.2015,588727
VOW.DE,05.10.2015,754773
VOW.DE,06.10.2015,422398
VOW.DE,07.10.2015,777374
VOW.DE,08.10.2015,718094
VOW.DE,09.10.2015,1540333
VOW.DE,12.10.2015,873447
VOW.DE,13.10.2015,697957
VOW.DE,14.10.2015,586262
VOW.DE,15.10.2015,366474
VOW.DE,16.10.2015,376013
VOW.DE,19.10.2015,184634
VOW.DE,20.10.2015,169602
VOW.DE,21.10.2015,144825
VOW.DE,22.10.2015,163884
VOW.DE,23.10.2015,297384
VOW.DE,26.10.2015,127997
VOW.DE,27.10.2015,146572
VOW.DE,28.10.2015,120174
VOW.DE,29.10.2015,162434
VOW.DE,30.10.2015,109445
VOW.DE,02.11.2015,166285
VOW.DE,03.11.2015,189196
VOW.DE,04.11.2015,428246
VOW.DE,05.11.2015,353465
VOW.DE,06.11.2015,201406
VOW.DE,09.11.2015,158148
VOW.DE,10.11.2015,119026
VOW.DE,11.11.2015,88432
VOW.DE,12.11.2015,148744
VOW.DE,13.11.2015,132245
VOW.DE,16.11.2015,128892
VOW.DE,17.11.2015,132337
VOW.DE,18.11.2015,104740
VOW.DE,19.11.2015,190867
VOW.DE,20.11.2015,167973
VOW.DE,23.11.2015,129848
VOW.DE,24.11.2015,359133
VOW.DE,25.11.2015,306819
VOW.DE,26.11.2015,278321
VOW.DE,27.11.2015,147845
VOW.DE,30.11.2015,377482
VOW.DE,01.12.2015,401846
VOW.DE,02.12.2015,240243
VOW.DE,03.12.2015,229427
VOW.DE,04.12.2015,184766
VOW.DE,07.12.2015,111041
VOW.DE,08.12.2015,187728
VOW.DE,09.12.2015,323912
VOW.DE,10.12.2015,291470
VOW.DE,11.12.2015,206879
VOW.DE,14.12.2015,175701
VOW.DE,15.12.2015,151706
VOW.DE,16.12.2015,115120
VOW.DE,17.12.2015,184872
VOW.DE,18.12.2015,232874
VOW.DE,21.12.2015,200623
VOW.DE,22.12.2015,111834
VOW.DE,23.12.2015,185698
VOW.DE,25.12.2015,0
VOW.DE,28.12.2015,107059
VOW.DE,29.12.2015,69590
VOW.DE,30.12.2015,37775
PAH3.DE,02.05.2014,260764
PAH3.DE,05.05.2014,204625
PAH3.DE,06.05.2014,318988
PAH3.DE,07.05.2014,350469
PAH3.DE,08.05.2014,362662
PAH3.DE,09.05.2014,241368
PAH3.DE,12.05.2014,227720
PAH3.DE,13.05.2014,278686
PAH3.DE,14.05.2014,291205
PAH3.DE,15.05.2014,295793
PAH3.DE,16.05.2014,258950
PAH3.DE,19.05.2014,224827
PAH3.DE,20.05.2014,313706
PAH3.DE,21.05.2014,307989
PAH3.DE,22.05.2014,259473
PAH3.DE,23.05.2014,244778
PAH3.DE,26.05.2014,272147
PAH3.DE,27.05.2014,243616
PAH3.DE,28.05.2014,338801
PAH3.DE,29.05.2014,97450
PAH3.DE,30.05.2014,260300
PAH3.DE,02.06.2014,244616
PAH3.DE,03.06.2014,269932
PAH3.DE,04.06.2014,306614
PAH3.DE,05.06.2014,305116
PAH3.DE,06.06.2014,174176
PAH3.DE,09.06.2014,104711
PAH3.DE,10.06.2014,200042
PAH3.DE,11.06.2014,295278
PAH3.DE,12.06.2014,209720
PAH3.DE,13.06.2014,275293
PAH3.DE,16.06.2014,187174
PAH3.DE,17.06.2014,209333
PAH3.DE,18.06.2014,203961
PAH3.DE,19.06.2014,238970
PAH3.DE,20.06.2014,237897
PAH3.DE,23.06.2014,170913
PAH3.DE,24.06.2014,208984
PAH3.DE,25.06.2014,369174
PAH3.DE,26.06.2014,246136
PAH3.DE,27.06.2014,266321
PAH3.DE,30.06.2014,263322
PAH3.DE,01.07.2014,191020
PAH3.DE,02.07.2014,262497
PAH3.DE,03.07.2014,236345
PAH3.DE,04.07.2014,102303
PAH3.DE,07.07.2014,168028
PAH3.DE,08.07.2014,281168
PAH3.DE,09.07.2014,280416
PAH3.DE,10.07.2014,296578
PAH3.DE,11.07.2014,134567
PAH3.DE,14.07.2014,138586
PAH3.DE,15.07.2014,191606
PAH3.DE,16.07.2014,221925
PAH3.DE,17.07.2014,323417
PAH3.DE,18.07.2014,291139
PAH3.DE,21.07.2014,256856
PAH3.DE,22.07.2014,258473
PAH3.DE,23.07.2014,183927
PAH3.DE,24.07.2014,179755
PAH3.DE,25.07.2014,209214
PAH3.DE,28.07.2014,509241
PAH3.DE,29.07.2014,423809
PAH3.DE,30.07.2014,367674
PAH3.DE,31.07.2014,576063
PAH3.DE,01.08.2014,446873
PAH3.DE,04.08.2014,415106
PAH3.DE,05.08.2014,365544
PAH3.DE,06.08.2014,525073
PAH3.DE,07.08.2014,294114
PAH3.DE,08.08.2014,523796
PAH3.DE,11.08.2014,283221
PAH3.DE,12.08.2014,249252
PAH3.DE,13.08.2014,199386
PAH3.DE,14.08.2014,250169
PAH3.DE,15.08.2014,479503
PAH3.DE,18.08.2014,438213
PAH3.DE,19.08.2014,272078
PAH3.DE,20.08.2014,290143
PAH3.DE,21.08.2014,320314
PAH3.DE,22.08.2014,264655
PAH3.DE,25.08.2014,188211
PAH3.DE,26.08.2014,209494
PAH3.DE,27.08.2014,201154
PAH3.DE,28.08.2014,242265
PAH3.DE,29.08.2014,617787
PAH3.DE,01.09.2014,381191
PAH3.DE,02.09.2014,229549
PAH3.DE,03.09.2014,366829
PAH3.DE,04.09.2014,348330
PAH3.DE,05.09.2014,251222
PAH3.DE,08.09.2014,172412
PAH3.DE,09.09.2014,246511
PAH3.DE,10.09.2014,263988
PAH3.DE,11.09.2014,205368
PAH3.DE,12.09.2014,190216
PAH3.DE,15.09.2014,140836
PAH3.DE,16.09.2014,177746
PAH3.DE,17.09.2014,201171
PAH3.DE,18.09.2014,193674
PAH3.DE,19.09.2014,348522
PAH3.DE,22.09.2014,178735
PAH3.DE,23.09.2014,466522
PAH3.DE,24.09.2014,403143
PAH3.DE,25.09.2014,506448
PAH3.DE,26.09.2014,372015
PAH3.DE,29.09.2014,276061
PAH3.DE,30.09.2014,555120
PAH3.DE,01.10.2014,421422
PAH3.DE,02.10.2014,376227
PAH3.DE,06.10.2014,443552
PAH3.DE,07.10.2014,417587
PAH3.DE,08.10.2014,353757
PAH3.DE,09.10.2014,423744
PAH3.DE,10.10.2014,712967
PAH3.DE,13.10.2014,424575
PAH3.DE,14.10.2014,567946
PAH3.DE,15.10.2014,677562
PAH3.DE,16.10.2014,1162253
PAH3.DE,17.10.2014,899756
PAH3.DE,20.10.2014,693732
PAH3.DE,21.10.2014,588210
PAH3.DE,22.10.2014,523495
PAH3.DE,23.10.2014,350482
PAH3.DE,24.10.2014,242085
PAH3.DE,27.10.2014,334666
PAH3.DE,28.10.2014,245652
PAH3.DE,29.10.2014,374204
PAH3.DE,30.10.2014,632118
PAH3.DE,31.10.2014,526397
PAH3.DE,03.11.2014,286152
PAH3.DE,04.11.2014,404820
PAH3.DE,05.11.2014,351242
PAH3.DE,06.11.2014,515287
PAH3.DE,07.11.2014,316679
PAH3.DE,10.11.2014,282140
PAH3.DE,11.11.2014,227585
PAH3.DE,12.11.2014,302444
PAH3.DE,13.11.2014,338729
PAH3.DE,14.11.2014,726719
PAH3.DE,17.11.2014,457748
PAH3.DE,18.11.2014,606341
PAH3.DE,19.11.2014,223213
PAH3.DE,20.11.2014,277006
PAH3.DE,21.11.2014,582224
PAH3.DE,24.11.2014,449158
PAH3.DE,25.11.2014,520019
PAH3.DE,26.11.2014,502148
PAH3.DE,27.11.2014,298354
PAH3.DE,28.11.2014,324473
PAH3.DE,01.12.2014,286423
PAH3.DE,02.12.2014,259360
PAH3.DE,03.12.2014,286859
PAH3.DE,04.12.2014,263147
PAH3.DE,05.12.2014,389985
PAH3.DE,08.12.2014,199443
PAH3.DE,09.12.2014,474033
PAH3.DE,10.12.2014,486194
PAH3.DE,11.12.2014,531567
PAH3.DE,12.12.2014,398271
PAH3.DE,15.12.2014,497196
PAH3.DE,16.12.2014,727135
PAH3.DE,17.12.2014,323038
PAH3.DE,18.12.2014,485783
PAH3.DE,19.12.2014,654365
PAH3.DE,22.12.2014,192594
PAH3.DE,23.12.2014,172105
PAH3.DE,29.12.2014,193268
PAH3.DE,30.12.2014,169524
PAH3.DE,02.01.2015,245688
PAH3.DE,05.01.2015,329479
PAH3.DE,06.01.2015,506657
PAH3.DE,07.01.2015,273740
PAH3.DE,08.01.2015,439007
PAH3.DE,09.01.2015,430536
PAH3.DE,12.01.2015,257724
PAH3.DE,13.01.2015,358189
PAH3.DE,14.01.2015,325389
PAH3.DE,15.01.2015,438946
PAH3.DE,16.01.2015,379695
PAH3.DE,19.01.2015,257407
PAH3.DE,20.01.2015,280155
PAH3.DE,21.01.2015,291397
PAH3.DE,22.01.2015,473577
PAH3.DE,23.01.2015,1181023
PAH3.DE,26.01.2015,396641
PAH3.DE,27.01.2015,392428
PAH3.DE,28.01.2015,325218
PAH3.DE,29.01.2015,327789
PAH3.DE,30.01.2015,439909
PAH3.DE,02.02.2015,350588
PAH3.DE,03.02.2015,555076
PAH3.DE,04.02.2015,419388
PAH3.DE,05.02.2015,469655
PAH3.DE,06.02.2015,325348
PAH3.DE,09.02.2015,332465
PAH3.DE,10.02.2015,347845
PAH3.DE,11.02.2015,173180
PAH3.DE,12.02.2015,312800
PAH3.DE,13.02.2015,328290
PAH3.DE,16.02.2015,213166
PAH3.DE,17.02.2015,248265
PAH3.DE,18.02.2015,304128
PAH3.DE,19.02.2015,316402
PAH3.DE,20.02.2015,379392
PAH3.DE,23.02.2015,373666
PAH3.DE,24.02.2015,298871
PAH3.DE,25.02.2015,287858
PAH3.DE,26.02.2015,441292
PAH3.DE,27.02.2015,582546
PAH3.DE,02.03.2015,407160
PAH3.DE,03.03.2015,351535
PAH3.DE,04.03.2015,331569
PAH3.DE,05.03.2015,270495
PAH3.DE,06.03.2015,245436
PAH3.DE,09.03.2015,263064
PAH3.DE,10.03.2015,281642
PAH3.DE,11.03.2015,448718
PAH3.DE,12.03.2015,323999
PAH3.DE,13.03.2015,366339
PAH3.DE,16.03.2015,465988
PAH3.DE,17.03.2015,565194
PAH3.DE,18.03.2015,937449
PAH3.DE,19.03.2015,382037
PAH3.DE,20.03.2015,415931
PAH3.DE,23.03.2015,398803
PAH3.DE,24.03.2015,481134
PAH3.DE,25.03.2015,345275
PAH3.DE,26.03.2015,965628
PAH3.DE,27.03.2015,717883
PAH3.DE,30.03.2015,403812
PAH3.DE,31.03.2015,354573
PAH3.DE,01.04.2015,478901
PAH3.DE,02.04.2015,271137
PAH3.DE,07.04.2015,268912
PAH3.DE,08.04.2015,309580
PAH3.DE,09.04.2015,279238
PAH3.DE,10.04.2015,479546
PAH3.DE,13.04.2015,401223
PAH3.DE,14.04.2015,279376
PAH3.DE,15.04.2015,256044
PAH3.DE,16.04.2015,457075
PAH3.DE,17.04.2015,583616
PAH3.DE,20.04.2015,440956
PAH3.DE,21.04.2015,517911
PAH3.DE,22.04.2015,548131
PAH3.DE,23.04.2015,423463
PAH3.DE,24.04.2015,429316
PAH3.DE,27.04.2015,727546
PAH3.DE,28.04.2015,422531
PAH3.DE,29.04.2015,453714
PAH3.DE,30.04.2015,477540
PAH3.DE,04.05.2015,326146
PAH3.DE,05.05.2015,530550
PAH3.DE,06.05.2015,715312
PAH3.DE,07.05.2015,565225
PAH3.DE,08.05.2015,330099
PAH3.DE,11.05.2015,256031
PAH3.DE,12.05.2015,387154
PAH3.DE,13.05.2015,272512
PAH3.DE,14.05.2015,349968
PAH3.DE,15.05.2015,329804
PAH3.DE,18.05.2015,476554
PAH3.DE,19.05.2015,569327
PAH3.DE,20.05.2015,261172
PAH3.DE,21.05.2015,254682
PAH3.DE,22.05.2015,304892
PAH3.DE,26.05.2015,338811
PAH3.DE,27.05.2015,358278
PAH3.DE,28.05.2015,289392
PAH3.DE,29.05.2015,479627
PAH3.DE,01.06.2015,377899
PAH3.DE,02.06.2015,281535
PAH3.DE,03.06.2015,369906
PAH3.DE,04.06.2015,329112
PAH3.DE,05.06.2015,298856
PAH3.DE,08.06.2015,369966
PAH3.DE,09.06.2015,439380
PAH3.DE,10.06.2015,508093
PAH3.DE,11.06.2015,472776
PAH3.DE,12.06.2015,400510
PAH3.DE,15.06.2015,294407
PAH3.DE,16.06.2015,335750
PAH3.DE,17.06.2015,311339
PAH3.DE,18.06.2015,427633
PAH3.DE,19.06.2015,597787
PAH3.DE,22.06.2015,346822
PAH3.DE,23.06.2015,331675
PAH3.DE,24.06.2015,292577
PAH3.DE,25.06.2015,186740
PAH3.DE,26.06.2015,335158
PAH3.DE,29.06.2015,425150
PAH3.DE,30.06.2015,342624
PAH3.DE,01.07.2015,369729
PAH3.DE,02.07.2015,237222
PAH3.DE,03.07.2015,249813
PAH3.DE,06.07.2015,267114
PAH3.DE,07.07.2015,463229
PAH3.DE,08.07.2015,677595
PAH3.DE,09.07.2015,390126
PAH3.DE,10.07.2015,356508
PAH3.DE,13.07.2015,405945
PAH3.DE,14.07.2015,355621
PAH3.DE,15.07.2015,325631
PAH3.DE,16.07.2015,477539
PAH3.DE,17.07.2015,214246
PAH3.DE,20.07.2015,345686
PAH3.DE,21.07.2015,403265
PAH3.DE,22.07.2015,369388
PAH3.DE,23.07.2015,202076
PAH3.DE,24.07.2015,343909
PAH3.DE,27.07.2015,525554
PAH3.DE,28.07.2015,390253
PAH3.DE,29.07.2015,466298
PAH3.DE,30.07.2015,336629
PAH3.DE,31.07.2015,377247
PAH3.DE,03.08.2015,393085
PAH3.DE,04.08.2015,402053
PAH3.DE,05.08.2015,571773
PAH3.DE,06.08.2015,250927
PAH3.DE,07.08.2015,305614
PAH3.DE,10.08.2015,244653
PAH3.DE,11.08.2015,558278
PAH3.DE,12.08.2015,727286
PAH3.DE,13.08.2015,276658
PAH3.DE,14.08.2015,481312
PAH3.DE,17.08.2015,359407
PAH3.DE,18.08.2015,287659
PAH3.DE,19.08.2015,367352
PAH3.DE,20.08.2015,485537
PAH3.DE,21.08.2015,559087
PAH3.DE,24.08.2015,1023065
PAH3.DE,25.08.2015,1044917
PAH3.DE,26.08.2015,565635
PAH3.DE,27.08.2015,451947
PAH3.DE,28.08.2015,396297
PAH3.DE,31.08.2015,348436
PAH3.DE,01.09.2015,363862
PAH3.DE,02.09.2015,311480
PAH3.DE,03.09.2015,441814
PAH3.DE,04.09.2015,455455
PAH3.DE,07.09.2015,190051
PAH3.DE,08.09.2015,429017
PAH3.DE,09.09.2015,375005
PAH3.DE,10.09.2015,262934
PAH3.DE,11.09.2015,250655
PAH3.DE,14.09.2015,210911
PAH3.DE,15.09.2015,260880
PAH3.DE,16.09.2015,393979
PAH3.DE,17.09.2015,310257
PAH3.DE,18.09.2015,553643
PAH3.DE,21.09.2015,4356966
PAH3.DE,22.09.2015,4677330
PAH3.DE,23.09.2015,3679122
PAH3.DE,24.09.2015,2547047
PAH3.DE,25.09.2015,2001106
PAH3.DE,28.09.2015,1899868
PAH3.DE,29.09.2015,1473159
PAH3.DE,30.09.2015,1464267
PAH3.DE,01.10.2015,900546
PAH3.DE,02.10.2015,1107895
PAH3.DE,05.10.2015,1514413
PAH3.DE,06.10.2015,1361287
PAH3.DE,07.10.2015,2005104
PAH3.DE,08.10.2015,1709328
PAH3.DE,09.10.2015,1802695
PAH3.DE,12.10.2015,1054401
PAH3.DE,13.10.2015,834027
PAH3.DE,14.10.2015,897882
PAH3.DE,15.10.2015,1051589
PAH3.DE,16.10.2015,856239
PAH3.DE,19.10.2015,565789
PAH3.DE,20.10.2015,567981
PAH3.DE,21.10.2015,592736
PAH3.DE,22.10.2015,712909
PAH3.DE,23.10.2015,982273
PAH3.DE,26.10.2015,618986
PAH3.DE,27.10.2015,758590
PAH3.DE,28.10.2015,980327
PAH3.DE,29.10.2015,818093
PAH3.DE,30.10.2015,923658
PAH3.DE,02.11.2015,903372
PAH3.DE,03.11.2015,898590
PAH3.DE,04.11.2015,2118601
PAH3.DE,05.11.2015,1366728
PAH3.DE,06.11.2015,861231
PAH3.DE,09.11.2015,774570
PAH3.DE,10.11.2015,645188
PAH3.DE,11.11.2015,729794
PAH3.DE,12.11.2015,827900
PAH3.DE,13.11.2015,522656
PAH3.DE,16.11.2015,450729
PAH3.DE,17.11.2015,483286
PAH3.DE,18.11.2015,856104
PAH3.DE,19.11.2015,749911
PAH3.DE,20.11.2015,808770
PAH3.DE,23.11.2015,763890
PAH3.DE,24.11.2015,1527715
PAH3.DE,25.11.2015,1246765
PAH3.DE,26.11.2015,1332083
PAH3.DE,27.11.2015,693120
PAH3.DE,30.11.2015,1285110
PAH3.DE,01.12.2015,1499342
PAH3.DE,02.12.2015,1026319
PAH3.DE,03.12.2015,913314
PAH3.DE,04.12.2015,637361
PAH3.DE,07.12.2015,458040
PAH3.DE,08.12.2015,771508
PAH3.DE,09.12.2015,1250685
PAH3.DE,10.12.2015,1312124
PAH3.DE,11.12.2015,892233
PAH3.DE,14.12.2015,796669
PAH3.DE,15.12.2015,886146
PAH3.DE,16.12.2015,862000
PAH3.DE,17.12.2015,735896
PAH3.DE,18.12.2015,971615
PAH3.DE,21.12.2015,844021
PAH3.DE,22.12.2015,624459
PAH3.DE,23.12.2015,653464
PAH3.DE,25.12.2015,0
PAH3.DE,28.12.2015,309950
PAH3.DE,29.12.2015,365381
PAH3.DE,30.12.2015,207307
BMW.DE,02.05.2014,1167197
BMW.DE,05.05.2014,1402990
BMW.DE,06.05.2014,1754563
BMW.DE,07.05.2014,1650361
BMW.DE,08.05.2014,2225996
BMW.DE,09.05.2014,1190803
BMW.DE,12.05.2014,1627317
BMW.DE,13.05.2014,1701553
BMW.DE,14.05.2014,1295058
BMW.DE,15.05.2014,2526006
BMW.DE,16.05.2014,2413624
BMW.DE,19.05.2014,1613657
BMW.DE,20.05.2014,1068609
BMW.DE,21.05.2014,1178464
BMW.DE,22.05.2014,1134750
BMW.DE,23.05.2014,1029319
BMW.DE,26.05.2014,938777
BMW.DE,27.05.2014,1197488
BMW.DE,28.05.2014,1036264
BMW.DE,29.05.2014,728236
BMW.DE,30.05.2014,878996
BMW.DE,02.06.2014,1087656
BMW.DE,03.06.2014,1019484
BMW.DE,04.06.2014,1284077
BMW.DE,05.06.2014,1824330
BMW.DE,06.06.2014,1102585
BMW.DE,09.06.2014,647395
BMW.DE,10.06.2014,1179158
BMW.DE,11.06.2014,901745
BMW.DE,12.06.2014,993840
BMW.DE,13.06.2014,1287758
BMW.DE,16.06.2014,858916
BMW.DE,17.06.2014,1030298
BMW.DE,18.06.2014,1753546
BMW.DE,19.06.2014,1357245
BMW.DE,20.06.2014,2696673
BMW.DE,23.06.2014,824017
BMW.DE,24.06.2014,1688145
BMW.DE,25.06.2014,1280630
BMW.DE,26.06.2014,1067451
BMW.DE,27.06.2014,911405
BMW.DE,30.06.2014,1105942
BMW.DE,01.07.2014,1007073
BMW.DE,02.07.2014,1085690
BMW.DE,03.07.2014,1194046
BMW.DE,04.07.2014,851498
BMW.DE,07.07.2014,925948
BMW.DE,08.07.2014,1082984
BMW.DE,09.07.2014,915621
BMW.DE,10.07.2014,1468986
BMW.DE,11.07.2014,1066279
BMW.DE,14.07.2014,963382
BMW.DE,15.07.2014,1047813
BMW.DE,16.07.2014,1555541
BMW.DE,17.07.2014,1540519
BMW.DE,18.07.2014,2026779
BMW.DE,21.07.2014,1108062
BMW.DE,22.07.2014,1224949
BMW.DE,23.07.2014,1098408
BMW.DE,24.07.2014,1105074
BMW.DE,25.07.2014,1496918
BMW.DE,28.07.2014,1993699
BMW.DE,29.07.2014,1826134
BMW.DE,30.07.2014,1227811
BMW.DE,31.07.2014,1791953
BMW.DE,01.08.2014,2109090
BMW.DE,04.08.2014,1701246
BMW.DE,05.08.2014,2950053
BMW.DE,06.08.2014,2153944
BMW.DE,07.08.2014,2097155
BMW.DE,08.08.2014,2050884
BMW.DE,11.08.2014,1631420
BMW.DE,12.08.2014,1216641
BMW.DE,13.08.2014,1109169
BMW.DE,14.08.2014,1109207
BMW.DE,15.08.2014,1961060
BMW.DE,18.08.2014,928020
BMW.DE,19.08.2014,841671
BMW.DE,20.08.2014,977004
BMW.DE,21.08.2014,1173293
BMW.DE,22.08.2014,1091000
BMW.DE,25.08.2014,1024001
BMW.DE,26.08.2014,1242922
BMW.DE,27.08.2014,1045722
BMW.DE,28.08.2014,1374171
BMW.DE,29.08.2014,1415090
BMW.DE,01.09.2014,809751
BMW.DE,02.09.2014,1025745
BMW.DE,03.09.2014,1720014
BMW.DE,04.09.2014,1824426
BMW.DE,05.09.2014,1376233
BMW.DE,08.09.2014,875527
BMW.DE,09.09.2014,1034089
BMW.DE,10.09.2014,1132539
BMW.DE,11.09.2014,1175682
BMW.DE,12.09.2014,829482
BMW.DE,15.09.2014,915952
BMW.DE,16.09.2014,805525
BMW.DE,17.09.2014,1194774
BMW.DE,18.09.2014,1251638
BMW.DE,19.09.2014,3012845
BMW.DE,22.09.2014,2207729
BMW.DE,23.09.2014,3092514
BMW.DE,24.09.2014,2121985
BMW.DE,25.09.2014,1758490
BMW.DE,26.09.2014,1305575
BMW.DE,29.09.2014,1260715
BMW.DE,30.09.2014,1684287
BMW.DE,01.10.2014,2116762
BMW.DE,02.10.2014,2453539
BMW.DE,06.10.2014,2928672
BMW.DE,07.10.2014,2319786
BMW.DE,08.10.2014,1922162
BMW.DE,09.10.2014,2699442
BMW.DE,10.10.2014,2989386
BMW.DE,13.10.2014,1928803
BMW.DE,14.10.2014,2633930
BMW.DE,15.10.2014,2906796
BMW.DE,16.10.2014,3706338
BMW.DE,17.10.2014,3401061
BMW.DE,20.10.2014,1671279
BMW.DE,21.10.2014,3029731
BMW.DE,22.10.2014,2303419
BMW.DE,23.10.2014,1993179
BMW.DE,24.10.2014,1457338
BMW.DE,27.10.2014,1435998
BMW.DE,28.10.2014,1249074
BMW.DE,29.10.2014,1095569
BMW.DE,30.10.2014,1898649
BMW.DE,31.10.2014,2141755
BMW.DE,03.11.2014,1863460
BMW.DE,04.11.2014,2954729
BMW.DE,05.11.2014,1752348
BMW.DE,06.11.2014,1864472
BMW.DE,07.11.2014,1546059
BMW.DE,10.11.2014,1139438
BMW.DE,11.11.2014,1275866
BMW.DE,12.11.2014,1640682
BMW.DE,13.11.2014,1411305
BMW.DE,14.11.2014,1318386
BMW.DE,17.11.2014,1217653
BMW.DE,18.11.2014,1232494
BMW.DE,19.11.2014,1206646
BMW.DE,20.11.2014,1094314
BMW.DE,21.11.2014,3609291
BMW.DE,24.11.2014,1704896
BMW.DE,25.11.2014,1658042
BMW.DE,26.11.2014,1161454
BMW.DE,27.11.2014,1174101
BMW.DE,28.11.2014,1057782
BMW.DE,01.12.2014,1390981
BMW.DE,02.12.2014,1475945
BMW.DE,03.12.2014,1618541
BMW.DE,04.12.2014,2128986
BMW.DE,05.12.2014,1791046
BMW.DE,08.12.2014,777888
BMW.DE,09.12.2014,1861352
BMW.DE,10.12.2014,1308754
BMW.DE,11.12.2014,1414872
BMW.DE,12.12.2014,1313492
BMW.DE,15.12.2014,1724828
BMW.DE,16.12.2014,3185401
BMW.DE,17.12.2014,1489245
BMW.DE,18.12.2014,1784143
BMW.DE,19.12.2014,2719427
BMW.DE,22.12.2014,848060
BMW.DE,23.12.2014,786728
BMW.DE,29.12.2014,759811
BMW.DE,30.12.2014,599968
BMW.DE,02.01.2015,1532820
BMW.DE,05.01.2015,2308143
BMW.DE,06.01.2015,1841589
BMW.DE,07.01.2015,1239393
BMW.DE,08.01.2015,1837539
BMW.DE,09.01.2015,1976705
BMW.DE,12.01.2015,1932427
BMW.DE,13.01.2015,1693734
BMW.DE,14.01.2015,2081147
BMW.DE,15.01.2015,2373034
BMW.DE,16.01.2015,2767649
BMW.DE,19.01.2015,1510553
BMW.DE,20.01.2015,1851296
BMW.DE,21.01.2015,2118747
BMW.DE,22.01.2015,3261028
BMW.DE,23.01.2015,3804962
BMW.DE,26.01.2015,2068695
BMW.DE,27.01.2015,2657376
BMW.DE,28.01.2015,1465512
BMW.DE,29.01.2015,1402025
BMW.DE,30.01.2015,1644077
BMW.DE,02.02.2015,1109509
BMW.DE,03.02.2015,1987805
BMW.DE,04.02.2015,1334047
BMW.DE,05.02.2015,1389057
BMW.DE,06.02.2015,943311
BMW.DE,09.02.2015,1964708
BMW.DE,10.02.2015,1595601
BMW.DE,11.02.2015,859053
BMW.DE,12.02.2015,1288502
BMW.DE,13.02.2015,1154337
BMW.DE,16.02.2015,726571
BMW.DE,17.02.2015,989415
BMW.DE,18.02.2015,952729
BMW.DE,19.02.2015,1029587
BMW.DE,20.02.2015,2282118
BMW.DE,23.02.2015,1213324
BMW.DE,24.02.2015,1396309
BMW.DE,25.02.2015,1316753
BMW.DE,26.02.2015,1319509
BMW.DE,27.02.2015,1761239
BMW.DE,02.03.2015,1501878
BMW.DE,03.03.2015,1388578
BMW.DE,04.03.2015,1947448
BMW.DE,05.03.2015,1341334
BMW.DE,06.03.2015,1314922
BMW.DE,09.03.2015,1375639
BMW.DE,10.03.2015,1559777
BMW.DE,11.03.2015,2282116
BMW.DE,12.03.2015,2214793
BMW.DE,13.03.2015,1479424
BMW.DE,16.03.2015,2002769
BMW.DE,17.03.2015,2158329
BMW.DE,18.03.2015,4162275
BMW.DE,19.03.2015,2544757
BMW.DE,20.03.2015,2984667
BMW.DE,23.03.2015,1697260
BMW.DE,24.03.2015,1938037
BMW.DE,25.03.2015,1580463
BMW.DE,26.03.2015,2379172
BMW.DE,27.03.2015,1870303
BMW.DE,30.03.2015,1198811
BMW.DE,31.03.2015,1922608
BMW.DE,01.04.2015,1663499
BMW.DE,02.04.2015,1107060
BMW.DE,07.04.2015,1567562
BMW.DE,08.04.2015,1938165
BMW.DE,09.04.2015,1616394
BMW.DE,10.04.2015,1481240
BMW.DE,13.04.2015,1295423
BMW.DE,14.04.2015,1640549
BMW.DE,15.04.2015,1455244
BMW.DE,16.04.2015,1900217
BMW.DE,17.04.2015,2402282
BMW.DE,20.04.2015,1828615
BMW.DE,21.04.2015,1309402
BMW.DE,22.04.2015,2336912
BMW.DE,23.04.2015,1884209
BMW.DE,24.04.2015,1469805
BMW.DE,27.04.2015,1523575
BMW.DE,28.04.2015,2062331
BMW.DE,29.04.2015,2720609
BMW.DE,30.04.2015,2293553
BMW.DE,04.05.2015,1417230
BMW.DE,05.05.2015,2045175
BMW.DE,06.05.2015,3585784
BMW.DE,07.05.2015,2172455
BMW.DE,08.05.2015,2848869
BMW.DE,11.05.2015,1548211
BMW.DE,12.05.2015,2661247
BMW.DE,13.05.2015,2524029
BMW.DE,14.05.2015,2342047
BMW.DE,15.05.2015,2600927
BMW.DE,18.05.2015,1594978
BMW.DE,19.05.2015,2736997
BMW.DE,20.05.2015,1307453
BMW.DE,21.05.2015,1625269
BMW.DE,22.05.2015,1386501
BMW.DE,26.05.2015,2308592
BMW.DE,27.05.2015,1840832
BMW.DE,28.05.2015,1704937
BMW.DE,29.05.2015,2023928
BMW.DE,01.06.2015,1477159
BMW.DE,02.06.2015,2086954
BMW.DE,03.06.2015,2239851
BMW.DE,04.06.2015,2008434
BMW.DE,05.06.2015,2573932
BMW.DE,08.06.2015,2213431
BMW.DE,09.06.2015,2791489
BMW.DE,10.06.2015,2960651
BMW.DE,11.06.2015,1854943
BMW.DE,12.06.2015,1918746
BMW.DE,15.06.2015,1761320
BMW.DE,16.06.2015,2182298
BMW.DE,17.06.2015,1665320
BMW.DE,18.06.2015,2315391
BMW.DE,19.06.2015,3610880
BMW.DE,22.06.2015,3414958
BMW.DE,23.06.2015,2381362
BMW.DE,24.06.2015,2301626
BMW.DE,25.06.2015,1679344
BMW.DE,26.06.2015,1414401
BMW.DE,29.06.2015,2853136
BMW.DE,30.06.2015,3594242
BMW.DE,01.07.2015,2227877
BMW.DE,02.07.2015,1445447
BMW.DE,03.07.2015,1424217
BMW.DE,06.07.2015,2239469
BMW.DE,07.07.2015,3904588
BMW.DE,08.07.2015,4832811
BMW.DE,09.07.2015,3102574
BMW.DE,10.07.2015,3102690
BMW.DE,13.07.2015,4173199
BMW.DE,14.07.2015,2515058
BMW.DE,15.07.2015,1970743
BMW.DE,16.07.2015,2577091
BMW.DE,17.07.2015,1718430
BMW.DE,20.07.2015,1588553
BMW.DE,21.07.2015,1460054
BMW.DE,22.07.2015,1984416
BMW.DE,23.07.2015,2282123
BMW.DE,24.07.2015,2273645
BMW.DE,27.07.2015,3139869
BMW.DE,28.07.2015,2185360
BMW.DE,29.07.2015,2247493
BMW.DE,30.07.2015,1764373
BMW.DE,31.07.2015,3068012
BMW.DE,03.08.2015,2202652
BMW.DE,04.08.2015,2624069
BMW.DE,05.08.2015,2358677
BMW.DE,06.08.2015,1398120
BMW.DE,07.08.2015,1357583
BMW.DE,10.08.2015,1025490
BMW.DE,11.08.2015,3447847
BMW.DE,12.08.2015,3850043
BMW.DE,13.08.2015,2055861
BMW.DE,14.08.2015,1802060
BMW.DE,17.08.2015,2219923
BMW.DE,18.08.2015,1429892
BMW.DE,19.08.2015,2044226
BMW.DE,20.08.2015,3121220
BMW.DE,21.08.2015,4067615
BMW.DE,24.08.2015,6898394
BMW.DE,25.08.2015,5356570
BMW.DE,26.08.2015,3100818
BMW.DE,27.08.2015,2744922
BMW.DE,28.08.2015,1488219
BMW.DE,31.08.2015,1325230
BMW.DE,01.09.2015,2062744
BMW.DE,02.09.2015,1424644
BMW.DE,03.09.2015,2333471
BMW.DE,04.09.2015,2423828
BMW.DE,07.09.2015,1106397
BMW.DE,08.09.2015,2903466
BMW.DE,09.09.2015,2753020
BMW.DE,10.09.2015,2384076
BMW.DE,11.09.2015,1758800
BMW.DE,14.09.2015,1285628
BMW.DE,15.09.2015,2067981
BMW.DE,16.09.2015,1937510
BMW.DE,17.09.2015,1805229
BMW.DE,18.09.2015,3953859
BMW.DE,21.09.2015,3586459
BMW.DE,22.09.2015,4967252
BMW.DE,23.09.2015,4126823
BMW.DE,24.09.2015,10938296
BMW.DE,25.09.2015,4723003
BMW.DE,28.09.2015,2588364
BMW.DE,29.09.2015,2065430
BMW.DE,30.09.2015,2011132
BMW.DE,01.10.2015,1875836
BMW.DE,02.10.2015,2015689
BMW.DE,05.10.2015,2142922
BMW.DE,06.10.2015,1958200
BMW.DE,07.10.2015,2874372
BMW.DE,08.10.2015,1387348
BMW.DE,09.10.2015,1712496
BMW.DE,12.10.2015,2087173
BMW.DE,13.10.2015,2058862
BMW.DE,14.10.2015,1812788
BMW.DE,15.10.2015,1390518
BMW.DE,16.10.2015,1406404
BMW.DE,19.10.2015,997830
BMW.DE,20.10.2015,1072542
BMW.DE,21.10.2015,1080837
BMW.DE,22.10.2015,2392035
BMW.DE,23.10.2015,3194668
BMW.DE,26.10.2015,1213819
BMW.DE,27.10.2015,1129783
BMW.DE,28.10.2015,1032763
BMW.DE,29.10.2015,1161212
BMW.DE,30.10.2015,1272422
BMW.DE,02.11.2015,1425532
BMW.DE,03.11.2015,2516208
BMW.DE,04.11.2015,2866718
BMW.DE,05.11.2015,1351343
BMW.DE,06.11.2015,2565914
BMW.DE,09.11.2015,1590171
BMW.DE,10.11.2015,1260190
BMW.DE,11.11.2015,1498093
BMW.DE,12.11.2015,1544659
BMW.DE,13.11.2015,1435459
BMW.DE,16.11.2015,1018574
BMW.DE,17.11.2015,1374915
BMW.DE,18.11.2015,928612
BMW.DE,19.11.2015,1389820
BMW.DE,20.11.2015,1538165
BMW.DE,23.11.2015,1009608
BMW.DE,24.11.2015,1388239
BMW.DE,25.11.2015,1210034
BMW.DE,26.11.2015,1257150
BMW.DE,27.11.2015,1085280
BMW.DE,30.11.2015,1758637
BMW.DE,01.12.2015,1498201
BMW.DE,02.12.2015,1258909
BMW.DE,03.12.2015,2783841
BMW.DE,04.12.2015,1888066
BMW.DE,07.12.2015,1028514
BMW.DE,08.12.2015,1404543
BMW.DE,09.12.2015,1243850
BMW.DE,10.12.2015,1018605
BMW.DE,11.12.2015,2035528
BMW.DE,14.12.2015,1680614
BMW.DE,15.12.2015,1490529
BMW.DE,16.12.2015,1530588
BMW.DE,17.12.2015,2218039
BMW.DE,18.12.2015,2791328
BMW.DE,21.12.2015,1325708
BMW.DE,22.12.2015,1142643
BMW.DE,23.12.2015,886473
BMW.DE,25.12.2015,0
BMW.DE,28.12.2015,372209
BMW.DE,29.12.2015,565467
BMW.DE,30.12.2015,431934
