VOW.DE,02.05.2014,113.65892791748
VOW.DE,05.05.2014,113.689079284668
VOW.DE,06.05.2014,112.121765136719
VOW.DE,07.05.2014,111.338134765625
VOW.DE,08.05.2014,113.900039672852
VOW.DE,09.05.2014,113.5986328125
VOW.DE,12.05.2014,114.141189575195
VOW.DE,13.05.2014,112.75471496582
VOW.DE,14.05.2014,114.171478271484
VOW.DE,15.05.2014,113.339874267578
VOW.DE,16.05.2014,114.910636901855
VOW.DE,19.05.2014,115.680618286133
VOW.DE,20.05.2014,115.988616943359
VOW.DE,21.05.2014,116.881759643555
VOW.DE,22.05.2014,116.881759643555
VOW.DE,23.05.2014,117.898124694824
VOW.DE,26.05.2014,119.653686523438
VOW.DE,27.05.2014,119.345703125
VOW.DE,28.05.2014,119.130088806152
VOW.DE,29.05.2014,119.746070861816
VOW.DE,30.05.2014,119.037689208984
VOW.DE,02.06.2014,120.05403137207
VOW.DE,03.06.2014,119.90007019043
VOW.DE,04.06.2014,116.78938293457
VOW.DE,05.06.2014,119.099304199219
VOW.DE,06.06.2014,119.438056945801
VOW.DE,09.06.2014,119.90007019043
VOW.DE,10.06.2014,119.160888671875
VOW.DE,11.06.2014,119.160888671875
VOW.DE,12.06.2014,120.05403137207
VOW.DE,13.06.2014,118.945281982422
VOW.DE,16.06.2014,118.175308227539
VOW.DE,17.06.2014,118.945281982422
VOW.DE,18.06.2014,119.130088806152
VOW.DE,19.06.2014,120.084861755371
VOW.DE,20.06.2014,119.930847167969
VOW.DE,23.06.2014,119.068511962891
VOW.DE,24.06.2014,118.267730712891
VOW.DE,25.06.2014,117.405364990234
VOW.DE,26.06.2014,116.604583740234
VOW.DE,27.06.2014,116.635360717773
VOW.DE,30.06.2014,116.296600341797
VOW.DE,01.07.2014,117.312942504883
VOW.DE,02.07.2014,118.976089477539
VOW.DE,03.07.2014,118.514129638672
VOW.DE,04.07.2014,117.836563110352
VOW.DE,07.07.2014,115.742202758789
VOW.DE,08.07.2014,113.49390411377
VOW.DE,09.07.2014,113.093505859375
VOW.DE,10.07.2014,113.062721252441
VOW.DE,11.07.2014,113.49390411377
VOW.DE,14.07.2014,114.356262207031
VOW.DE,15.07.2014,114.941429138184
VOW.DE,16.07.2014,116.450592041016
VOW.DE,17.07.2014,113.37068939209
VOW.DE,18.07.2014,113.093505859375
VOW.DE,21.07.2014,111.029975891113
VOW.DE,22.07.2014,111.953956604004
VOW.DE,23.07.2014,112.138740539551
VOW.DE,24.07.2014,111.707542419434
VOW.DE,25.07.2014,110.53719329834
VOW.DE,28.07.2014,107.796112060547
VOW.DE,29.07.2014,108.65845489502
VOW.DE,30.07.2014,106.995330810547
VOW.DE,31.07.2014,106.594947814941
VOW.DE,01.08.2014,105.27059173584
VOW.DE,04.08.2014,105.886566162109
VOW.DE,05.08.2014,103.823051452637
VOW.DE,06.08.2014,102.960670471191
VOW.DE,07.08.2014,102.005920410156
VOW.DE,08.08.2014,101.266723632813
VOW.DE,11.08.2014,103.484268188477
VOW.DE,12.08.2014,102.43709564209
VOW.DE,13.08.2014,103.823051452637
VOW.DE,14.08.2014,103.391860961914
VOW.DE,15.08.2014,102.098304748535
VOW.DE,18.08.2014,103.515060424805
VOW.DE,19.08.2014,105.33219909668
VOW.DE,20.08.2014,105.085792541504
VOW.DE,21.08.2014,106.348541259766
VOW.DE,22.08.2014,105.886566162109
VOW.DE,25.08.2014,106.872131347656
VOW.DE,26.08.2014,107.42650604248
VOW.DE,27.08.2014,107.210914611816
VOW.DE,28.08.2014,105.547790527344
VOW.DE,29.08.2014,105.024215698242
VOW.DE,01.09.2014,104.685409545898
VOW.DE,02.09.2014,105.239799499512
VOW.DE,03.09.2014,106.625747680664
VOW.DE,04.09.2014,109.212852478027
VOW.DE,05.09.2014,110.444816589355
VOW.DE,08.09.2014,109.674819946289
VOW.DE,09.09.2014,108.566070556641
VOW.DE,10.09.2014,107.642112731934
VOW.DE,11.09.2014,107.857696533203
VOW.DE,12.09.2014,107.672897338867
VOW.DE,15.09.2014,107.241729736328
VOW.DE,16.09.2014,107.518913269043
VOW.DE,17.09.2014,106.748947143555
VOW.DE,18.09.2014,107.364929199219
VOW.DE,19.09.2014,107.272506713867
VOW.DE,22.09.2014,106.410140991211
VOW.DE,23.09.2014,104.19261932373
VOW.DE,24.09.2014,104.346611022949
VOW.DE,25.09.2014,101.851921081543
VOW.DE,26.09.2014,102.190696716309
VOW.DE,29.09.2014,101.174339294434
VOW.DE,30.09.2014,101.205139160156
VOW.DE,01.10.2014,98.2176361083985
VOW.DE,02.10.2014,96.5237045288086
VOW.DE,06.10.2014,96.2773056030274
VOW.DE,07.10.2014,96.3389053344727
VOW.DE,08.10.2014,95.2609558105469
VOW.DE,09.10.2014,95.784538269043
VOW.DE,10.10.2014,92.8278503417969
VOW.DE,13.10.2014,94.3061904907227
VOW.DE,14.10.2014,95.6613540649414
VOW.DE,15.10.2014,92.8894500732422
VOW.DE,16.10.2014,94.8913650512695
VOW.DE,17.10.2014,99.7575836181641
VOW.DE,20.10.2014,96.8008728027344
VOW.DE,21.10.2014,98.7104187011719
VOW.DE,22.10.2014,99.7267837524414
VOW.DE,23.10.2014,100.681564331055
VOW.DE,24.10.2014,99.5727996826172
VOW.DE,27.10.2014,98.4948348999023
VOW.DE,28.10.2014,99.6959991455078
VOW.DE,29.10.2014,100.096374511719
VOW.DE,30.10.2014,102.098304748535
VOW.DE,31.10.2014,104.53141784668
VOW.DE,03.11.2014,105.055000305176
VOW.DE,04.11.2014,103.884628295898
VOW.DE,05.11.2014,106.317749023437
VOW.DE,06.11.2014,106.810539245605
VOW.DE,07.11.2014,105.055000305176
VOW.DE,10.11.2014,106.102172851563
VOW.DE,11.11.2014,105.116592407227
VOW.DE,12.11.2014,103.545867919922
VOW.DE,13.11.2014,103.237869262695
VOW.DE,14.11.2014,103.699851989746
VOW.DE,17.11.2014,104.223411560059
VOW.DE,18.11.2014,106.872131347656
VOW.DE,19.11.2014,106.656539916992
VOW.DE,20.11.2014,106.933715820313
VOW.DE,21.11.2014,108.412055969238
VOW.DE,24.11.2014,110.167625427246
VOW.DE,25.11.2014,111.33797454834
VOW.DE,26.11.2014,110.999183654785
VOW.DE,27.11.2014,111.799957275391
VOW.DE,28.11.2014,112.046333312988
VOW.DE,01.12.2014,112.29273223877
VOW.DE,02.12.2014,111.707542419434
VOW.DE,03.12.2014,111.645965576172
VOW.DE,04.12.2014,110.53719329834
VOW.DE,05.12.2014,114.263862609863
VOW.DE,08.12.2014,113.062721252441
VOW.DE,09.12.2014,111.522758483887
VOW.DE,10.12.2014,110.53719329834
VOW.DE,11.12.2014,112.354354858398
VOW.DE,12.12.2014,109.767227172852
VOW.DE,15.12.2014,105.424575805664
VOW.DE,16.12.2014,109.120429992676
VOW.DE,17.12.2014,109.05884552002
VOW.DE,18.12.2014,112.107940673828
VOW.DE,19.12.2014,112.446708679199
VOW.DE,22.12.2014,111.522758483887
VOW.DE,23.12.2014,112.169555664063
VOW.DE,29.12.2014,112.077133178711
VOW.DE,30.12.2014,110.937591552734
VOW.DE,02.01.2015,109.613227844238
VOW.DE,05.01.2015,106.28694152832
VOW.DE,06.01.2015,107.14933013916
VOW.DE,07.01.2015,107.672897338867
VOW.DE,08.01.2015,111.830741882324
VOW.DE,09.01.2015,109.305252075195
VOW.DE,12.01.2015,109.736419677734
VOW.DE,13.01.2015,112.508338928223
VOW.DE,14.01.2015,110.906776428223
VOW.DE,15.01.2015,112.816299438477
VOW.DE,16.01.2015,115.557434082031
VOW.DE,19.01.2015,115.403419494629
VOW.DE,20.01.2015,116.481384277344
VOW.DE,21.01.2015,117.004974365234
VOW.DE,22.01.2015,119.807662963867
VOW.DE,23.01.2015,123.010749816895
VOW.DE,26.01.2015,123.996299743652
VOW.DE,27.01.2015,122.671974182129
VOW.DE,28.01.2015,124.335105895996
VOW.DE,29.01.2015,124.581489562988
VOW.DE,30.01.2015,121.440017700195
VOW.DE,02.02.2015,124.550682067871
VOW.DE,03.02.2015,127.291778564453
VOW.DE,04.02.2015,128.308166503906
VOW.DE,05.02.2015,129.170516967773
VOW.DE,06.02.2015,130.402496337891
VOW.DE,09.02.2015,126.12141418457
VOW.DE,10.02.2015,127.753753662109
VOW.DE,11.02.2015,128.00016784668
VOW.DE,12.02.2015,130.587280273438
VOW.DE,13.02.2015,129.170516967773
VOW.DE,16.02.2015,128.924133300781
VOW.DE,17.02.2015,128.80094909668
VOW.DE,18.02.2015,131.234024047852
VOW.DE,19.02.2015,134.098358154297
VOW.DE,20.02.2015,134.775924682617
VOW.DE,23.02.2015,136.839462280273
VOW.DE,24.02.2015,135.761505126953
VOW.DE,25.02.2015,134.406326293945
VOW.DE,26.02.2015,134.929901123047
VOW.DE,27.02.2015,136.346664428711
VOW.DE,02.03.2015,138.502624511719
VOW.DE,03.03.2015,135.176300048828
VOW.DE,04.03.2015,135.823059082031
VOW.DE,05.03.2015,137.486221313477
VOW.DE,06.03.2015,139.826934814453
VOW.DE,09.03.2015,140.196533203125
VOW.DE,10.03.2015,140.01171875
VOW.DE,11.03.2015,146.263885498047
VOW.DE,12.03.2015,145.216720581055
VOW.DE,13.03.2015,148.265808105469
VOW.DE,16.03.2015,152.485305786133
VOW.DE,17.03.2015,152.454483032227
VOW.DE,18.03.2015,147.311065673828
VOW.DE,19.03.2015,147.803863525391
VOW.DE,20.03.2015,149.251388549805
VOW.DE,23.03.2015,144.138778686523
VOW.DE,24.03.2015,145.986740112305
VOW.DE,25.03.2015,144.816345214844
VOW.DE,26.03.2015,144.908752441406
VOW.DE,27.03.2015,145.309143066406
VOW.DE,30.03.2015,148.881805419922
VOW.DE,31.03.2015,147.865463256836
VOW.DE,01.04.2015,147.187866210938
VOW.DE,02.04.2015,146.479476928711
VOW.DE,07.04.2015,146.602691650391
VOW.DE,08.04.2015,146.818298339844
VOW.DE,09.04.2015,149.066604614258
VOW.DE,10.04.2015,150.791320800781
VOW.DE,13.04.2015,147.927032470703
VOW.DE,14.04.2015,147.43424987793
VOW.DE,15.04.2015,145.709533691406
VOW.DE,16.04.2015,143.368835449219
VOW.DE,17.04.2015,140.8125
VOW.DE,20.04.2015,139.980941772461
VOW.DE,21.04.2015,139.026184082031
VOW.DE,22.04.2015,139.118560791016
VOW.DE,23.04.2015,139.272537231445
VOW.DE,24.04.2015,142.414047241211
VOW.DE,27.04.2015,148.75862121582
VOW.DE,28.04.2015,145.647918701172
VOW.DE,29.04.2015,140.381301879883
VOW.DE,30.04.2015,140.01171875
VOW.DE,04.05.2015,140.104125976563
VOW.DE,05.05.2015,138.656585693359
VOW.DE,06.05.2015,136.95719909668
VOW.DE,07.05.2015,138.845413208008
VOW.DE,08.05.2015,141.835052490234
VOW.DE,11.05.2015,141.835052490234
VOW.DE,12.05.2015,137.429260253906
VOW.DE,13.05.2015,137.30339050293
VOW.DE,14.05.2015,139.065689086914
VOW.DE,15.05.2015,135.509582519531
VOW.DE,18.05.2015,140.387420654297
VOW.DE,19.05.2015,146.492614746094
VOW.DE,20.05.2015,145.926162719727
VOW.DE,21.05.2015,144.510025024414
VOW.DE,22.05.2015,144.478530883789
VOW.DE,26.05.2015,142.401504516602
VOW.DE,27.05.2015,143.534423828125
VOW.DE,28.05.2015,140.953872680664
VOW.DE,29.05.2015,138.153060913086
VOW.DE,01.06.2015,138.184539794922
VOW.DE,02.06.2015,135.541046142578
VOW.DE,03.06.2015,136.107528686523
VOW.DE,04.06.2015,135.635467529297
VOW.DE,05.06.2015,134.250778198242
VOW.DE,08.06.2015,132.047882080078
VOW.DE,09.06.2015,131.261138916016
VOW.DE,10.06.2015,135.226364135742
VOW.DE,11.06.2015,135.509582519531
VOW.DE,12.06.2015,133.55842590332
VOW.DE,15.06.2015,130.694671630859
VOW.DE,16.06.2015,131.009399414063
VOW.DE,17.06.2015,129.782028198242
VOW.DE,18.06.2015,129.498825073242
VOW.DE,19.06.2015,129.876480102539
VOW.DE,22.06.2015,135.603988647461
VOW.DE,23.06.2015,137.429260253906
VOW.DE,24.06.2015,135.792831420898
VOW.DE,25.06.2015,135.918685913086
VOW.DE,26.06.2015,136.799880981445
VOW.DE,29.06.2015,131.796127319336
VOW.DE,30.06.2015,130.631744384766
VOW.DE,01.07.2015,135.100463867188
VOW.DE,02.07.2015,133.086395263672
VOW.DE,03.07.2015,132.677307128906
VOW.DE,06.07.2015,131.072311401367
VOW.DE,07.07.2015,127.736511230469
VOW.DE,08.07.2015,124.306297302246
VOW.DE,09.07.2015,128.051223754883
VOW.DE,10.07.2015,128.019744873047
VOW.DE,13.07.2015,129.498825073242
VOW.DE,14.07.2015,126.823867797852
VOW.DE,15.07.2015,125.34481048584
VOW.DE,16.07.2015,127.862396240234
VOW.DE,17.07.2015,127.579162597656
VOW.DE,20.07.2015,126.509178161621
VOW.DE,21.07.2015,125.187431335449
VOW.DE,22.07.2015,123.425140380859
VOW.DE,23.07.2015,124.935676574707
VOW.DE,24.07.2015,119.302558898926
VOW.DE,27.07.2015,116.72200012207
VOW.DE,28.07.2015,119.963455200195
VOW.DE,29.07.2015,117.005241394043
VOW.DE,30.07.2015,116.784942626953
VOW.DE,31.07.2015,115.840858459473
VOW.DE,03.08.2015,116.910850524902
VOW.DE,04.08.2015,117.068199157715
VOW.DE,05.08.2015,121.09635925293
VOW.DE,06.08.2015,119.585777282715
VOW.DE,07.08.2015,120.561363220215
VOW.DE,10.08.2015,122.197784423828
VOW.DE,11.08.2015,117.19408416748
VOW.DE,12.08.2015,111.875663757324
VOW.DE,13.08.2015,113.575019836426
VOW.DE,14.08.2015,113.291786193848
VOW.DE,17.08.2015,112.064468383789
VOW.DE,18.08.2015,110.270698547363
VOW.DE,19.08.2015,107.627220153809
VOW.DE,20.08.2015,105.770492553711
VOW.DE,21.08.2015,103.850814819336
VOW.DE,24.08.2015,99.7911911010742
VOW.DE,25.08.2015,105.613136291504
VOW.DE,26.08.2015,104.448745727539
VOW.DE,27.08.2015,107.721618652344
VOW.DE,28.08.2015,107.312530517578
VOW.DE,31.08.2015,104.920806884766
VOW.DE,01.09.2015,101.93115234375
VOW.DE,02.09.2015,100.389137268066
VOW.DE,03.09.2015,103.473175048828
VOW.DE,04.09.2015,100.67236328125
VOW.DE,07.09.2015,101.427635192871
VOW.DE,08.09.2015,104.102577209473
VOW.DE,09.09.2015,106.746055603027
VOW.DE,10.09.2015,105.046676635742
VOW.DE,11.09.2015,104.637557983398
VOW.DE,14.09.2015,104.16552734375
VOW.DE,15.09.2015,105.015213012695
VOW.DE,16.09.2015,105.42431640625
VOW.DE,17.09.2015,105.361366271973
VOW.DE,18.09.2015,101.553520202637
VOW.DE,21.09.2015,84.150634765625
VOW.DE,22.09.2015,69.9891662597656
VOW.DE,23.09.2015,74.8355407714844
VOW.DE,24.09.2015,74.8355407714844
VOW.DE,25.09.2015,72.7270431518555
VOW.DE,28.09.2015,67.4086227416992
VOW.DE,29.09.2015,65.0169219970703
VOW.DE,30.09.2015,66.0554122924805
VOW.DE,01.10.2015,66.1183547973633
VOW.DE,02.10.2015,63.6636962890625
VOW.DE,05.10.2015,64.7022171020508
VOW.DE,06.10.2015,67.2827377319336
VOW.DE,07.10.2015,72.3179550170899
VOW.DE,08.10.2015,73.1361465454102
VOW.DE,09.10.2015,79.241325378418
VOW.DE,12.10.2015,83.3638763427734
VOW.DE,13.10.2015,82.1994934082031
VOW.DE,14.10.2015,80.9406967163086
VOW.DE,15.10.2015,77.9195861816406
VOW.DE,16.10.2015,76.2831573486328
VOW.DE,19.10.2015,74.6467208862305
VOW.DE,20.10.2015,73.1676254272461
VOW.DE,21.10.2015,75.4963989257813
VOW.DE,22.10.2015,77.9825210571289
VOW.DE,23.10.2015,76.6922454833984
VOW.DE,26.10.2015,78.6748657226563
VOW.DE,27.10.2015,76.6607894897461
VOW.DE,28.10.2015,78.0769348144531
VOW.DE,29.10.2015,78.926628112793
VOW.DE,30.10.2015,79.3672103881836
VOW.DE,02.11.2015,79.7763214111328
VOW.DE,03.11.2015,78.1084060668945
VOW.DE,04.11.2015,73.7340850830078
VOW.DE,05.11.2015,75.5908050537109
VOW.DE,06.11.2015,76.7237319946289
VOW.DE,09.11.2015,75.5908050537109
VOW.DE,10.11.2015,75.3705215454102
VOW.DE,11.11.2015,74.3634796142578
VOW.DE,12.11.2015,73.7655563354492
VOW.DE,13.11.2015,74.5522918701172
VOW.DE,16.11.2015,73.5137939453125
VOW.DE,17.11.2015,73.6396789550781
VOW.DE,18.11.2015,75.5278701782227
VOW.DE,19.11.2015,78.8636779785156
VOW.DE,20.11.2015,77.9825210571289
VOW.DE,23.11.2015,78.4545822143555
VOW.DE,24.11.2015,80.0280685424805
VOW.DE,25.11.2015,82.1050872802734
VOW.DE,26.11.2015,84.6856231689453
VOW.DE,27.11.2015,84.4968109130859
VOW.DE,30.11.2015,88.9340744018555
VOW.DE,01.12.2015,87.8955459594727
VOW.DE,02.12.2015,86.7626419067383
VOW.DE,03.12.2015,86.0703048706055
VOW.DE,04.12.2015,86.4164886474609
VOW.DE,07.12.2015,85.6297225952149
VOW.DE,08.12.2015,83.3953475952148
VOW.DE,09.12.2015,88.3676147460938
VOW.DE,10.12.2015,87.8640975952149
VOW.DE,11.12.2015,86.6052856445313
VOW.DE,14.12.2015,82.8918380737305
VOW.DE,15.12.2015,84.5282745361328
VOW.DE,16.12.2015,84.9059066772461
VOW.DE,17.12.2015,87.5808563232422
VOW.DE,18.12.2015,88.2417297363281
VOW.DE,21.12.2015,87.5179214477539
VOW.DE,22.12.2015,88.7452545166016
VOW.DE,23.12.2015,90.1299209594727
VOW.DE,25.12.2015,90.1299209594727
VOW.DE,28.12.2015,89.7522964477539
VOW.DE,29.12.2015,90.6019668579102
VOW.DE,30.12.2015,89.5634613037109
PAH3.DE,02.05.2014,54.9236183166504
PAH3.DE,05.05.2014,54.7217903137207
PAH3.DE,06.05.2014,53.3786239624024
PAH3.DE,07.05.2014,52.3416748046875
PAH3.DE,08.05.2014,53.9910621643066
PAH3.DE,09.05.2014,53.9492950439453
PAH3.DE,12.05.2014,54.5269241333008
PAH3.DE,13.05.2014,54.7565879821777
PAH3.DE,14.05.2014,54.9792976379395
PAH3.DE,15.05.2014,54.5338973999024
PAH3.DE,16.05.2014,53.9701728820801
PAH3.DE,19.05.2014,54.6104431152344
PAH3.DE,20.05.2014,55.2437477111817
PAH3.DE,21.05.2014,55.327262878418
PAH3.DE,22.05.2014,55.0140953063965
PAH3.DE,23.05.2014,55.2089614868164
PAH3.DE,26.05.2014,56.1067085266113
PAH3.DE,27.05.2014,55.9536094665527
PAH3.DE,28.05.2014,55.8822288513184
PAH3.DE,29.05.2014,55.9107780456543
PAH3.DE,30.05.2014,55.925048828125
PAH3.DE,02.06.2014,55.5181884765625
PAH3.DE,03.06.2014,55.3825798034668
PAH3.DE,04.06.2014,54.9043426513672
PAH3.DE,05.06.2014,55.8608131408692
PAH3.DE,06.06.2014,56.096363067627
PAH3.DE,09.06.2014,56.0749473571777
PAH3.DE,10.06.2014,55.8536796569824
PAH3.DE,11.06.2014,55.3683052062988
PAH3.DE,12.06.2014,55.6966400146484
PAH3.DE,13.06.2014,55.1827125549317
PAH3.DE,16.06.2014,54.9899978637695
PAH3.DE,17.06.2014,55.2041358947754
PAH3.DE,18.06.2014,55.1613121032715
PAH3.DE,19.06.2014,55.6609649658203
PAH3.DE,20.06.2014,55.9964256286621
PAH3.DE,23.06.2014,55.4967880249023
PAH3.DE,24.06.2014,55.6324119567871
PAH3.DE,25.06.2014,54.9614410400391
PAH3.DE,26.06.2014,54.1762847900391
PAH3.DE,27.06.2014,54.5117568969727
PAH3.DE,30.06.2014,54.3119010925293
PAH3.DE,01.07.2014,54.9971427917481
PAH3.DE,02.07.2014,55.3468856811524
PAH3.DE,03.07.2014,55.1113319396973
PAH3.DE,04.07.2014,55.0756416320801
PAH3.DE,07.07.2014,54.5617332458496
PAH3.DE,08.07.2014,53.5124588012695
PAH3.DE,09.07.2014,53.3911247253418
PAH3.DE,10.07.2014,53.4482154846192
PAH3.DE,11.07.2014,53.6338005065918
PAH3.DE,14.07.2014,54.1620063781738
PAH3.DE,15.07.2014,54.1762847900391
PAH3.DE,16.07.2014,54.9899978637695
PAH3.DE,17.07.2014,54.076358795166
PAH3.DE,18.07.2014,53.5766983032227
PAH3.DE,21.07.2014,52.8843307495117
PAH3.DE,22.07.2014,52.7772636413574
PAH3.DE,23.07.2014,52.9842643737793
PAH3.DE,24.07.2014,53.2983283996582
PAH3.DE,25.07.2014,52.4560585021973
PAH3.DE,28.07.2014,50.614501953125
PAH3.DE,29.07.2014,50.7715301513672
PAH3.DE,30.07.2014,50.3646697998047
PAH3.DE,31.07.2014,50.0577430725098
PAH3.DE,01.08.2014,50.064884185791
PAH3.DE,04.08.2014,50.0006446838379
PAH3.DE,05.08.2014,49.4224739074707
PAH3.DE,06.08.2014,48.8014907836914
PAH3.DE,07.08.2014,48.2447242736816
PAH3.DE,08.08.2014,47.6951141357422
PAH3.DE,11.08.2014,48.7872047424316
PAH3.DE,12.08.2014,48.4660034179688
PAH3.DE,13.08.2014,48.6515846252441
PAH3.DE,14.08.2014,48.580207824707
PAH3.DE,15.08.2014,47.7807769775391
PAH3.DE,18.08.2014,48.6301727294922
PAH3.DE,19.08.2014,49.7722320556641
PAH3.DE,20.08.2014,49.5366821289063
PAH3.DE,21.08.2014,50.2718772888184
PAH3.DE,22.08.2014,50.0363311767578
PAH3.DE,25.08.2014,50.578800201416
PAH3.DE,26.08.2014,50.9142875671387
PAH3.DE,27.08.2014,50.8857345581055
PAH3.DE,28.08.2014,50.193359375
PAH3.DE,29.08.2014,49.4296188354492
PAH3.DE,01.09.2014,49.0013465881348
PAH3.DE,02.09.2014,49.2226142883301
PAH3.DE,03.09.2014,49.6508827209473
PAH3.DE,04.09.2014,50.0791549682617
PAH3.DE,05.09.2014,49.9649505615234
PAH3.DE,08.09.2014,49.6151962280274
PAH3.DE,09.09.2014,49.2440223693848
PAH3.DE,10.09.2014,48.8371696472168
PAH3.DE,11.09.2014,48.6515846252441
PAH3.DE,12.09.2014,48.8443069458008
PAH3.DE,15.09.2014,48.7015533447266
PAH3.DE,16.09.2014,48.4231758117676
PAH3.DE,17.09.2014,48.3803482055664
PAH3.DE,18.09.2014,48.6230316162109
PAH3.DE,19.09.2014,48.6373100280762
PAH3.DE,22.09.2014,48.1947593688965
PAH3.DE,23.09.2014,46.8813972473145
PAH3.DE,24.09.2014,46.5744705200195
PAH3.DE,25.09.2014,45.9320640563965
PAH3.DE,26.09.2014,46.0605430603027
PAH3.DE,29.09.2014,45.7036552429199
PAH3.DE,30.09.2014,45.2825202941895
PAH3.DE,01.10.2014,44.9613151550293
PAH3.DE,02.10.2014,44.5615997314453
PAH3.DE,06.10.2014,44.5401840209961
PAH3.DE,07.10.2014,44.3760108947754
PAH3.DE,08.10.2014,44.0762252807617
PAH3.DE,09.10.2014,44.4259719848633
PAH3.DE,10.10.2014,43.3410263061523
PAH3.DE,13.10.2014,43.6622276306152
PAH3.DE,14.10.2014,43.6194038391113
PAH3.DE,15.10.2014,42.4773368835449
PAH3.DE,16.10.2014,42.2988967895508
PAH3.DE,17.10.2014,44.176155090332
PAH3.DE,20.10.2014,43.2839279174805
PAH3.DE,21.10.2014,43.9762878417969
PAH3.DE,22.10.2014,44.6686706542969
PAH3.DE,23.10.2014,44.8042869567871
PAH3.DE,24.10.2014,44.4759483337402
PAH3.DE,27.10.2014,43.7764358520508
PAH3.DE,28.10.2014,44.1690216064453
PAH3.DE,29.10.2014,44.6615257263184
PAH3.DE,30.10.2014,45.6037216186523
PAH3.DE,31.10.2014,46.6315765380859
PAH3.DE,03.11.2014,46.4388542175293
PAH3.DE,04.11.2014,45.9820327758789
PAH3.DE,05.11.2014,46.7600593566895
PAH3.DE,06.11.2014,47.5452194213867
PAH3.DE,07.11.2014,47.0955390930176
PAH3.DE,10.11.2014,47.1954650878906
PAH3.DE,11.11.2014,46.9099502563477
PAH3.DE,12.11.2014,46.1390647888184
PAH3.DE,13.11.2014,45.9177894592285
PAH3.DE,14.11.2014,45.3467636108398
PAH3.DE,17.11.2014,45.2682456970215
PAH3.DE,18.11.2014,46.0748252868652
PAH3.DE,19.11.2014,46.1319198608399
PAH3.DE,20.11.2014,46.0034446716309
PAH3.DE,21.11.2014,47.6522903442383
PAH3.DE,24.11.2014,48.0591468811035
PAH3.DE,25.11.2014,48.7015533447266
PAH3.DE,26.11.2014,49.272575378418
PAH3.DE,27.11.2014,49.4795761108399
PAH3.DE,28.11.2014,49.9935073852539
PAH3.DE,01.12.2014,50.0862922668457
PAH3.DE,02.12.2014,49.9649505615234
PAH3.DE,03.12.2014,50.1077041625977
PAH3.DE,04.12.2014,49.8364677429199
PAH3.DE,05.12.2014,50.9428329467774
PAH3.DE,08.12.2014,50.450325012207
PAH3.DE,09.12.2014,49.4938507080078
PAH3.DE,10.12.2014,48.7443771362305
PAH3.DE,11.12.2014,48.7015533447266
PAH3.DE,12.12.2014,47.7236709594727
PAH3.DE,15.12.2014,46.3103675842285
PAH3.DE,16.12.2014,46.4245758056641
PAH3.DE,17.12.2014,46.5030937194824
PAH3.DE,18.12.2014,47.8235969543457
PAH3.DE,19.12.2014,48.4588584899902
PAH3.DE,22.12.2014,48.5587959289551
PAH3.DE,23.12.2014,48.9513778686523
PAH3.DE,29.12.2014,48.6872787475586
PAH3.DE,30.12.2014,47.9378089904785
PAH3.DE,02.01.2015,47.1883239746094
PAH3.DE,05.01.2015,46.0605430603027
PAH3.DE,06.01.2015,46.7600593566895
PAH3.DE,07.01.2015,46.9313583374024
PAH3.DE,08.01.2015,48.3232421875
PAH3.DE,09.01.2015,47.7879028320313
PAH3.DE,12.01.2015,47.9306678771973
PAH3.DE,13.01.2015,48.8157501220703
PAH3.DE,14.01.2015,47.7236709594727
PAH3.DE,15.01.2015,48.6944122314453
PAH3.DE,16.01.2015,49.6080551147461
PAH3.DE,19.01.2015,49.9007186889649
PAH3.DE,20.01.2015,50.0862922668457
PAH3.DE,21.01.2015,50.6073532104492
PAH3.DE,22.01.2015,52.170539855957
PAH3.DE,23.01.2015,53.7123222351074
PAH3.DE,26.01.2015,53.9907035827637
PAH3.DE,27.01.2015,53.3911247253418
PAH3.DE,28.01.2015,54.0263862609863
PAH3.DE,29.01.2015,53.9264602661133
PAH3.DE,30.01.2015,53.1484298706055
PAH3.DE,02.02.2015,54.0906219482422
PAH3.DE,03.02.2015,55.0471000671387
PAH3.DE,04.02.2015,55.8465423583984
PAH3.DE,05.02.2015,56.6888122558594
PAH3.DE,06.02.2015,56.7244987487793
PAH3.DE,09.02.2015,55.3611640930176
PAH3.DE,10.02.2015,55.675235748291
PAH3.DE,11.02.2015,55.8251266479492
PAH3.DE,12.02.2015,57.1670417785645
PAH3.DE,13.02.2015,57.2170104980469
PAH3.DE,16.02.2015,56.8743934631348
PAH3.DE,17.02.2015,56.1391944885254
PAH3.DE,18.02.2015,57.4240036010742
PAH3.DE,19.02.2015,58.1449241638184
PAH3.DE,20.02.2015,58.4589958190918
PAH3.DE,23.02.2015,59.2155990600586
PAH3.DE,24.02.2015,59.2370147705078
PAH3.DE,25.02.2015,58.4161605834961
PAH3.DE,26.02.2015,59.1870574951172
PAH3.DE,27.02.2015,59.0657005310059
PAH3.DE,02.03.2015,60.2862739562988
PAH3.DE,03.03.2015,59.0942611694336
PAH3.DE,04.03.2015,59.5368194580078
PAH3.DE,05.03.2015,59.9936408996582
PAH3.DE,06.03.2015,60.5789260864258
PAH3.DE,09.03.2015,61.0714454650879
PAH3.DE,10.03.2015,60.7359657287598
PAH3.DE,11.03.2015,63.1628265380859
PAH3.DE,12.03.2015,62.9344215393066
PAH3.DE,13.03.2015,63.9051856994629
PAH3.DE,16.03.2015,64.8830642700195
PAH3.DE,17.03.2015,64.0479278564453
PAH3.DE,18.03.2015,62.6132278442383
PAH3.DE,19.03.2015,63.2484893798828
PAH3.DE,20.03.2015,63.7909622192383
PAH3.DE,23.03.2015,62.0850105285645
PAH3.DE,24.03.2015,62.7202796936035
PAH3.DE,25.03.2015,63.0129432678223
PAH3.DE,26.03.2015,63.52685546875
PAH3.DE,27.03.2015,64.3120346069336
PAH3.DE,30.03.2015,65.925178527832
PAH3.DE,31.03.2015,65.2899169921875
PAH3.DE,01.04.2015,64.7331695556641
PAH3.DE,02.04.2015,64.5832824707031
PAH3.DE,07.04.2015,65.2042617797852
PAH3.DE,08.04.2015,65.2685012817383
PAH3.DE,09.04.2015,66.2820816040039
PAH3.DE,10.04.2015,67.0957794189453
PAH3.DE,13.04.2015,65.982292175293
PAH3.DE,14.04.2015,65.425537109375
PAH3.DE,15.04.2015,65.2114105224609
PAH3.DE,16.04.2015,63.9979591369629
PAH3.DE,17.04.2015,63.3270111083984
PAH3.DE,20.04.2015,62.6346397399902
PAH3.DE,21.04.2015,61.8066368103027
PAH3.DE,22.04.2015,61.2356224060059
PAH3.DE,23.04.2015,60.8216209411621
PAH3.DE,24.04.2015,61.1642417907715
PAH3.DE,27.04.2015,63.962272644043
PAH3.DE,28.04.2015,62.7131462097168
PAH3.DE,29.04.2015,60.5360984802246
PAH3.DE,30.04.2015,60.8858604431152
PAH3.DE,04.05.2015,60.4076232910156
PAH3.DE,05.05.2015,59.1513671875
PAH3.DE,06.05.2015,58.3162307739258
PAH3.DE,07.05.2015,59.4083213806152
PAH3.DE,08.05.2015,60.486141204834
PAH3.DE,11.05.2015,60.7502326965332
PAH3.DE,12.05.2015,58.5089645385742
PAH3.DE,13.05.2015,58.3162307739258
PAH3.DE,14.05.2015,59.4797782897949
PAH3.DE,15.05.2015,58.2430648803711
PAH3.DE,18.05.2015,60.0066680908203
PAH3.DE,19.05.2015,62.6630554199219
PAH3.DE,20.05.2015,62.3996047973633
PAH3.DE,21.05.2015,62.3410758972168
PAH3.DE,22.05.2015,61.9605369567871
PAH3.DE,26.05.2015,60.6945457458496
PAH3.DE,27.05.2015,61.3824195861816
PAH3.DE,28.05.2015,60.1383857727051
PAH3.DE,29.05.2015,58.8504447937012
PAH3.DE,01.06.2015,58.8650741577149
PAH3.DE,02.06.2015,57.9576568603516
PAH3.DE,03.06.2015,58.257682800293
PAH3.DE,04.06.2015,57.8039741516113
PAH3.DE,05.06.2015,57.1453704833984
PAH3.DE,08.06.2015,56.1720886230469
PAH3.DE,09.06.2015,55.9818382263184
PAH3.DE,10.06.2015,57.7966766357422
PAH3.DE,11.06.2015,58.206470489502
PAH3.DE,12.06.2015,56.8087463378906
PAH3.DE,15.06.2015,55.7037506103516
PAH3.DE,16.06.2015,56.2086753845215
PAH3.DE,17.06.2015,55.4403076171875
PAH3.DE,18.06.2015,55.8501014709473
PAH3.DE,19.06.2015,56.6989898681641
PAH3.DE,22.06.2015,58.3674545288086
PAH3.DE,23.06.2015,58.8870353698731
PAH3.DE,24.06.2015,58.3894119262695
PAH3.DE,25.06.2015,58.3820877075195
PAH3.DE,26.06.2015,58.5284538269043
PAH3.DE,29.06.2015,56.5599403381348
PAH3.DE,30.06.2015,55.3012619018555
PAH3.DE,01.07.2015,56.9990196228027
PAH3.DE,02.07.2015,56.706298828125
PAH3.DE,03.07.2015,55.9891471862793
PAH3.DE,06.07.2015,55.2646751403809
PAH3.DE,07.07.2015,54.4816627502441
PAH3.DE,08.07.2015,52.908317565918
PAH3.DE,09.07.2015,54.2401695251465
PAH3.DE,10.07.2015,55.0304946899414
PAH3.DE,13.07.2015,55.447624206543
PAH3.DE,14.07.2015,54.4743461608887
PAH3.DE,15.07.2015,53.9693984985352
PAH3.DE,16.07.2015,55.2427177429199
PAH3.DE,17.07.2015,55.1841812133789
PAH3.DE,20.07.2015,54.7011985778809
PAH3.DE,21.07.2015,54.2182121276856
PAH3.DE,22.07.2015,53.4205665588379
PAH3.DE,23.07.2015,53.4498443603516
PAH3.DE,24.07.2015,52.1765289306641
PAH3.DE,27.07.2015,50.7714881896973
PAH3.DE,28.07.2015,51.5691452026367
PAH3.DE,29.07.2015,50.5812301635742
PAH3.DE,30.07.2015,50.273868560791
PAH3.DE,31.07.2015,50.1201972961426
PAH3.DE,03.08.2015,50.1201972961426
PAH3.DE,04.08.2015,50.7934494018555
PAH3.DE,05.08.2015,52.2497100830078
PAH3.DE,06.08.2015,51.90576171875
PAH3.DE,07.08.2015,51.6423187255859
PAH3.DE,10.08.2015,52.0740776062012
PAH3.DE,11.08.2015,50.0689697265625
PAH3.DE,12.08.2015,48.3346405029297
PAH3.DE,13.08.2015,48.5688095092774
PAH3.DE,14.08.2015,49.6079521179199
PAH3.DE,17.08.2015,49.454273223877
PAH3.DE,18.08.2015,48.8176155090332
PAH3.DE,19.08.2015,47.829704284668
PAH3.DE,20.08.2015,46.688117980957
PAH3.DE,21.08.2015,45.8611907958984
PAH3.DE,24.08.2015,43.6292381286621
PAH3.DE,25.08.2015,45.8026428222656
PAH3.DE,26.08.2015,45.1806335449219
PAH3.DE,27.08.2015,46.2344055175781
PAH3.DE,28.08.2015,46.0295028686524
PAH3.DE,31.08.2015,45.4513931274414
PAH3.DE,01.09.2015,44.1707611083984
PAH3.DE,02.09.2015,43.797550201416
PAH3.DE,03.09.2015,45.1220817565918
PAH3.DE,04.09.2015,44.1268501281738
PAH3.DE,07.09.2015,44.2805252075195
PAH3.DE,08.09.2015,45.1440353393555
PAH3.DE,09.09.2015,45.6782417297363
PAH3.DE,10.09.2015,45.2684478759766
PAH3.DE,11.09.2015,45.004997253418
PAH3.DE,14.09.2015,44.858642578125
PAH3.DE,15.09.2015,45.3855323791504
PAH3.DE,16.09.2015,46.2490386962891
PAH3.DE,17.09.2015,45.8026428222656
PAH3.DE,18.09.2015,44.3756637573242
PAH3.DE,21.09.2015,36.735782623291
PAH3.DE,22.09.2015,30.4094734191895
PAH3.DE,23.09.2015,30.9766139984131
PAH3.DE,24.09.2015,30.7900085449219
PAH3.DE,25.09.2015,29.816722869873
PAH3.DE,28.09.2015,27.7494201660156
PAH3.DE,29.09.2015,27.471342086792
PAH3.DE,30.09.2015,27.8774890899658
PAH3.DE,01.10.2015,27.4640254974365
PAH3.DE,02.10.2015,26.2456016540527
PAH3.DE,05.10.2015,27.2005825042725
PAH3.DE,06.10.2015,28.0970230102539
PAH3.DE,07.10.2015,29.6008491516113
PAH3.DE,08.10.2015,30.230188369751
PAH3.DE,09.10.2015,30.8961200714111
PAH3.DE,12.10.2015,30.9217319488525
PAH3.DE,13.10.2015,30.1679821014404
PAH3.DE,14.10.2015,29.4252223968506
PAH3.DE,15.10.2015,29.1910438537598
PAH3.DE,16.10.2015,28.3787574768066
PAH3.DE,19.10.2015,28.4043731689453
PAH3.DE,20.10.2015,28.1079978942871
PAH3.DE,21.10.2015,28.7117252349854
PAH3.DE,22.10.2015,29.9082012176514
PAH3.DE,23.10.2015,30.8522071838379
PAH3.DE,26.10.2015,30.7351188659668
PAH3.DE,27.10.2015,29.5240116119385
PAH3.DE,28.10.2015,30.8046436309814
PAH3.DE,29.10.2015,30.7497539520264
PAH3.DE,30.10.2015,31.1741924285889
PAH3.DE,02.11.2015,32.2755317687988
PAH3.DE,03.11.2015,31.8840312957764
PAH3.DE,04.11.2015,29.3300857543945
PAH3.DE,05.11.2015,28.6348857879639
PAH3.DE,06.11.2015,29.315450668335
PAH3.DE,09.11.2015,29.0959148406982
PAH3.DE,10.11.2015,29.1983661651611
PAH3.DE,11.11.2015,28.4263305664063
PAH3.DE,12.11.2015,27.8262634277344
PAH3.DE,13.11.2015,28.3092422485352
PAH3.DE,16.11.2015,28.3824214935303
PAH3.DE,17.11.2015,29.1434803009033
PAH3.DE,18.11.2015,29.8972282409668
PAH3.DE,19.11.2015,30.6802368164063
PAH3.DE,20.11.2015,31.2473735809326
PAH3.DE,23.11.2015,31.0351543426514
PAH3.DE,24.11.2015,32.5023918151856
PAH3.DE,25.11.2015,33.9293785095215
PAH3.DE,26.11.2015,34.9246025085449
PAH3.DE,27.11.2015,35.195369720459
PAH3.DE,30.11.2015,36.3552589416504
PAH3.DE,01.12.2015,36.2857437133789
PAH3.DE,02.12.2015,35.3709983825684
PAH3.DE,03.12.2015,35.2941665649414
PAH3.DE,04.12.2015,35.6490898132324
PAH3.DE,07.12.2015,35.897891998291
PAH3.DE,08.12.2015,34.4965133666992
PAH3.DE,09.12.2015,36.3625755310059
PAH3.DE,10.12.2015,36.6479721069336
PAH3.DE,11.12.2015,35.6051712036133
PAH3.DE,14.12.2015,34.1525688171387
PAH3.DE,15.12.2015,34.0757369995117
PAH3.DE,16.12.2015,34.7453231811523
PAH3.DE,17.12.2015,35.7186012268066
PAH3.DE,18.12.2015,35.8905715942383
PAH3.DE,21.12.2015,35.9491157531738
PAH3.DE,22.12.2015,36.67724609375
PAH3.DE,23.12.2015,37.5188026428223
PAH3.DE,25.12.2015,37.5188026428223
PAH3.DE,28.12.2015,36.8821449279785
PAH3.DE,29.12.2015,37.1675491333008
PAH3.DE,30.12.2015,36.5967483520508
BMW.DE,02.05.2014,51.2794532775879
BMW.DE,05.05.2014,51.1181755065918
BMW.DE,06.05.2014,50.9396209716797
BMW.DE,07.05.2014,50.7956314086914
BMW.DE,08.05.2014,50.8589897155762
BMW.DE,09.05.2014,50.7553100585938
BMW.DE,12.05.2014,51.0893669128418
BMW.DE,13.05.2014,51.521354675293
BMW.DE,14.05.2014,51.4061584472656
BMW.DE,15.05.2014,50.7495536804199
BMW.DE,16.05.2014,51.2955665588379
BMW.DE,19.05.2014,52.3341751098633
BMW.DE,20.05.2014,52.2273445129395
BMW.DE,21.05.2014,52.6427841186523
BMW.DE,22.05.2014,53.0226249694824
BMW.DE,23.05.2014,53.3431091308594
BMW.DE,26.05.2014,54.1680679321289
BMW.DE,27.05.2014,54.4648132324219
BMW.DE,28.05.2014,54.2214889526367
BMW.DE,29.05.2014,54.6784744262695
BMW.DE,30.05.2014,54.6547241210938
BMW.DE,02.06.2014,54.2927055358887
BMW.DE,03.06.2014,54.6131820678711
BMW.DE,04.06.2014,54.1680679321289
BMW.DE,05.06.2014,55.0523796081543
BMW.DE,06.06.2014,55.1236000061035
BMW.DE,09.06.2014,54.9455413818359
BMW.DE,10.06.2014,54.6131820678711
BMW.DE,11.06.2014,54.4470062255859
BMW.DE,12.06.2014,54.2214889526367
BMW.DE,13.06.2014,53.8653869628906
BMW.DE,16.06.2014,53.9662857055664
BMW.DE,17.06.2014,53.8594512939453
BMW.DE,18.06.2014,54.2511596679688
BMW.DE,19.06.2014,54.9989547729492
BMW.DE,20.06.2014,54.9336776733399
BMW.DE,23.06.2014,54.3045692443848
BMW.DE,24.06.2014,55.8476524353027
BMW.DE,25.06.2014,55.2482299804688
BMW.DE,26.06.2014,54.8861961364746
BMW.DE,27.06.2014,54.8149757385254
BMW.DE,30.06.2014,54.9692840576172
BMW.DE,01.07.2014,55.3728561401367
BMW.DE,02.07.2014,55.7170791625977
BMW.DE,03.07.2014,56.5717163085938
BMW.DE,04.07.2014,56.4708213806152
BMW.DE,07.07.2014,55.7348937988281
BMW.DE,08.07.2014,55.0167579650879
BMW.DE,09.07.2014,55.0286254882813
BMW.DE,10.07.2014,54.2570915222168
BMW.DE,11.07.2014,54.6428565979004
BMW.DE,14.07.2014,55.0939178466797
BMW.DE,15.07.2014,54.8861961364746
BMW.DE,16.07.2014,56.5301742553711
BMW.DE,17.07.2014,56.0672416687012
BMW.DE,18.07.2014,55.5568389892578
BMW.DE,21.07.2014,54.8861961364746
BMW.DE,22.07.2014,55.7704963684082
BMW.DE,23.07.2014,56.0613098144531
BMW.DE,24.07.2014,56.6844749450684
BMW.DE,25.07.2014,55.9663543701172
BMW.DE,28.07.2014,54.7259521484375
BMW.DE,29.07.2014,54.3223686218262
BMW.DE,30.07.2014,53.9900245666504
BMW.DE,31.07.2014,53.0226249694824
BMW.DE,01.08.2014,52.0077514648438
BMW.DE,04.08.2014,52.4706764221191
BMW.DE,05.08.2014,52.5240936279297
BMW.DE,06.08.2014,52.2510871887207
BMW.DE,07.08.2014,51.1590614318848
BMW.DE,08.08.2014,51.2718276977539
BMW.DE,11.08.2014,52.7199440002442
BMW.DE,12.08.2014,51.7525482177734
BMW.DE,13.08.2014,52.1264533996582
BMW.DE,14.08.2014,52.3935279846192
BMW.DE,15.08.2014,51.1827926635742
BMW.DE,18.08.2014,52.2451553344727
BMW.DE,19.08.2014,52.832706451416
BMW.DE,20.08.2014,52.5893821716309
BMW.DE,21.08.2014,53.2837600708008
BMW.DE,22.08.2014,52.8564453125
BMW.DE,25.08.2014,54.0849723815918
BMW.DE,26.08.2014,54.0909156799317
BMW.DE,27.08.2014,53.5805015563965
BMW.DE,28.08.2014,52.9870109558106
BMW.DE,29.08.2014,52.5834426879883
BMW.DE,01.09.2014,52.2332916259766
BMW.DE,02.09.2014,52.2214126586914
BMW.DE,03.09.2014,53.4202651977539
BMW.DE,04.09.2014,54.328311920166
BMW.DE,05.09.2014,54.6309967041016
BMW.DE,08.09.2014,54.5479049682617
BMW.DE,09.09.2014,54.1502647399902
BMW.DE,10.09.2014,53.6101837158203
BMW.DE,11.09.2014,53.4143295288086
BMW.DE,12.09.2014,53.076042175293
BMW.DE,15.09.2014,53.1116561889649
BMW.DE,16.09.2014,52.9810829162598
BMW.DE,17.09.2014,53.2956390380859
BMW.DE,18.09.2014,53.6398582458496
BMW.DE,19.09.2014,52.8148956298828
BMW.DE,22.09.2014,51.4973487854004
BMW.DE,23.09.2014,50.3875198364258
BMW.DE,24.09.2014,51.509220123291
BMW.DE,25.09.2014,50.5952377319336
BMW.DE,26.09.2014,50.8267021179199
BMW.DE,29.09.2014,50.5715026855469
BMW.DE,30.09.2014,50.4587326049805
BMW.DE,01.10.2014,50.3459854125977
BMW.DE,02.10.2014,49.6278495788574
BMW.DE,06.10.2014,48.6545219421387
BMW.DE,07.10.2014,48.862247467041
BMW.DE,08.10.2014,48.2153358459473
BMW.DE,09.10.2014,48.9631309509277
BMW.DE,10.10.2014,47.2004623413086
BMW.DE,13.10.2014,47.1470489501953
BMW.DE,14.10.2014,47.1648483276367
BMW.DE,15.10.2014,45.9422607421875
BMW.DE,16.10.2014,46.2034034729004
BMW.DE,17.10.2014,47.8176994323731
BMW.DE,20.10.2014,47.2479553222656
BMW.DE,21.10.2014,48.2806205749512
BMW.DE,22.10.2014,49.0165481567383
BMW.DE,23.10.2014,49.3489112854004
BMW.DE,24.10.2014,48.8385047912598
BMW.DE,27.10.2014,48.2450218200684
BMW.DE,28.10.2014,48.9156608581543
BMW.DE,29.10.2014,49.0640258789063
BMW.DE,30.10.2014,49.2776832580567
BMW.DE,31.10.2014,50.6367835998535
BMW.DE,03.11.2014,50.6071128845215
BMW.DE,04.11.2014,49.1946067810059
BMW.DE,05.11.2014,49.764347076416
BMW.DE,06.11.2014,50.0789108276367
BMW.DE,07.11.2014,49.455738067627
BMW.DE,10.11.2014,49.7999687194824
BMW.DE,11.11.2014,50.0373649597168
BMW.DE,12.11.2014,49.0877723693848
BMW.DE,13.11.2014,49.0937042236328
BMW.DE,14.11.2014,49.2954902648926
BMW.DE,17.11.2014,49.5328903198242
BMW.DE,18.11.2014,50.1085739135742
BMW.DE,19.11.2014,50.2984962463379
BMW.DE,20.11.2014,50.3875198364258
BMW.DE,21.11.2014,52.3223037719727
BMW.DE,24.11.2014,53.058235168457
BMW.DE,25.11.2014,53.6220550537109
BMW.DE,26.11.2014,53.6992111206055
BMW.DE,27.11.2014,54.2986373901367
BMW.DE,28.11.2014,54.5716323852539
BMW.DE,01.12.2014,54.7378196716309
BMW.DE,02.12.2014,54.4885482788086
BMW.DE,03.12.2014,54.1561965942383
BMW.DE,04.12.2014,53.3371849060059
BMW.DE,05.12.2014,54.8090400695801
BMW.DE,08.12.2014,54.3639297485352
BMW.DE,09.12.2014,52.7614974975586
BMW.DE,10.12.2014,53.2896995544434
BMW.DE,11.12.2014,53.598316192627
BMW.DE,12.12.2014,52.2154731750488
BMW.DE,15.12.2014,50.4528007507324
BMW.DE,16.12.2014,52.2629547119141
BMW.DE,17.12.2014,51.9306030273438
BMW.DE,18.12.2014,53.6101837158203
BMW.DE,19.12.2014,53.3787269592285
BMW.DE,22.12.2014,53.426197052002
BMW.DE,23.12.2014,53.9069366455078
BMW.DE,29.12.2014,54.0137557983399
BMW.DE,30.12.2014,53.2778358459473
BMW.DE,02.01.2015,52.2332916259766
BMW.DE,05.01.2015,50.4943504333496
BMW.DE,06.01.2015,50.9394721984863
BMW.DE,07.01.2015,51.2124710083008
BMW.DE,08.01.2015,53.0522956848145
BMW.DE,09.01.2015,52.3223037719727
BMW.DE,12.01.2015,52.6131210327149
BMW.DE,13.01.2015,53.7882347106934
BMW.DE,14.01.2015,52.6902694702149
BMW.DE,15.01.2015,54.049373626709
BMW.DE,16.01.2015,55.5449714660645
BMW.DE,19.01.2015,55.9188690185547
BMW.DE,20.01.2015,56.2274856567383
BMW.DE,21.01.2015,56.3343048095703
BMW.DE,22.01.2015,58.1860198974609
BMW.DE,23.01.2015,61.0110359191895
BMW.DE,26.01.2015,62.4650917053223
BMW.DE,27.01.2015,60.5362510681152
BMW.DE,28.01.2015,61.189079284668
BMW.DE,29.01.2015,61.1000518798828
BMW.DE,30.01.2015,61.3671417236328
BMW.DE,02.02.2015,61.8716049194336
BMW.DE,03.02.2015,63.0882720947266
BMW.DE,04.02.2015,63.2959823608399
BMW.DE,05.02.2015,63.2959823608399
BMW.DE,06.02.2015,63.4146728515625
BMW.DE,09.02.2015,60.8329925537109
BMW.DE,10.02.2015,62.1386795043945
BMW.DE,11.02.2015,61.9903068542481
BMW.DE,12.02.2015,63.3256607055664
BMW.DE,13.02.2015,63.9784965515137
BMW.DE,16.02.2015,63.2663154602051
BMW.DE,17.02.2015,63.355339050293
BMW.DE,18.02.2015,64.5423202514649
BMW.DE,19.02.2015,64.957763671875
BMW.DE,20.02.2015,65.9370269775391
BMW.DE,23.02.2015,66.2634429931641
BMW.DE,24.02.2015,65.6699523925781
BMW.DE,25.02.2015,65.0764617919922
BMW.DE,26.02.2015,66.4711761474609
BMW.DE,27.02.2015,67.0646667480469
BMW.DE,02.03.2015,67.7768478393555
BMW.DE,03.03.2015,65.8776702880859
BMW.DE,04.03.2015,67.0646667480469
BMW.DE,05.03.2015,67.9549026489258
BMW.DE,06.03.2015,68.4296951293945
BMW.DE,09.03.2015,67.8658828735352
BMW.DE,10.03.2015,67.480094909668
BMW.DE,11.03.2015,70.8333435058594
BMW.DE,12.03.2015,70.3585510253906
BMW.DE,13.03.2015,71.1894302368164
BMW.DE,16.03.2015,72.7621917724609
BMW.DE,17.03.2015,71.8126068115234
BMW.DE,18.03.2015,68.7857971191406
BMW.DE,19.03.2015,69.2012405395508
BMW.DE,20.03.2015,69.2902603149414
BMW.DE,23.03.2015,67.5097808837891
BMW.DE,24.03.2015,68.3109817504883
BMW.DE,25.03.2015,67.7471771240234
BMW.DE,26.03.2015,69.1122131347656
BMW.DE,27.03.2015,68.9044952392578
BMW.DE,30.03.2015,70.0321273803711
BMW.DE,31.03.2015,69.1122131347656
BMW.DE,01.04.2015,68.5483932495117
BMW.DE,02.04.2015,68.2219772338867
BMW.DE,07.04.2015,68.1922988891602
BMW.DE,08.04.2015,67.2130279541016
BMW.DE,09.04.2015,68.9638366699219
BMW.DE,10.04.2015,69.646354675293
BMW.DE,13.04.2015,68.9935150146484
BMW.DE,14.04.2015,68.3406753540039
BMW.DE,15.04.2015,68.4890441894531
BMW.DE,16.04.2015,67.0053100585938
BMW.DE,17.04.2015,65.5215835571289
BMW.DE,20.04.2015,66.2931137084961
BMW.DE,21.04.2015,66.4711761474609
BMW.DE,22.04.2015,65.2841796875
BMW.DE,23.04.2015,65.4325714111328
BMW.DE,24.04.2015,65.5512542724609
BMW.DE,27.04.2015,67.0646667480469
BMW.DE,28.04.2015,65.1951599121094
BMW.DE,29.04.2015,63.1179428100586
BMW.DE,30.04.2015,62.9695625305176
BMW.DE,04.05.2015,63.355339050293
BMW.DE,05.05.2015,63.206958770752
BMW.DE,06.05.2015,61.7825736999512
BMW.DE,07.05.2015,62.0793151855469
BMW.DE,08.05.2015,64.9874420166016
BMW.DE,11.05.2015,64.8687515258789
BMW.DE,12.05.2015,63.1179428100586
BMW.DE,13.05.2015,62.257381439209
BMW.DE,14.05.2015,63.8443183898926
BMW.DE,15.05.2015,62.257381439209
BMW.DE,18.05.2015,63.0813713073731
BMW.DE,19.05.2015,65.4007568359375
BMW.DE,20.05.2015,64.9734954833984
BMW.DE,21.05.2015,64.3020935058594
BMW.DE,22.05.2015,63.9664039611817
BMW.DE,26.05.2015,63.2339477539063
BMW.DE,27.05.2015,64.0274353027344
BMW.DE,28.05.2015,62.8982582092285
BMW.DE,29.05.2015,61.4639015197754
BMW.DE,01.06.2015,61.4944114685059
BMW.DE,02.06.2015,61.1587066650391
BMW.DE,03.06.2015,61.7995948791504
BMW.DE,04.06.2015,61.2197532653809
BMW.DE,05.06.2015,60.7863807678223
BMW.DE,08.06.2015,59.4313735961914
BMW.DE,09.06.2015,59.8403167724609
BMW.DE,10.06.2015,61.5249328613281
BMW.DE,11.06.2015,61.7995948791504
BMW.DE,12.06.2015,60.9878082275391
BMW.DE,15.06.2015,60.1760139465332
BMW.DE,16.06.2015,60.0295295715332
BMW.DE,17.06.2015,59.2116432189942
BMW.DE,18.06.2015,59.7426605224609
BMW.DE,19.06.2015,59.6572036743164
BMW.DE,22.06.2015,62.4404945373535
BMW.DE,23.06.2015,63.6917304992676
BMW.DE,24.06.2015,63.020320892334
BMW.DE,25.06.2015,63.2949943542481
BMW.DE,26.06.2015,63.1729240417481
BMW.DE,29.06.2015,60.6093864440918
BMW.DE,30.06.2015,59.9257659912109
BMW.DE,01.07.2015,61.3418121337891
BMW.DE,02.07.2015,60.54833984375
BMW.DE,03.07.2015,60.3652420043945
BMW.DE,06.07.2015,59.3642272949219
BMW.DE,07.07.2015,57.3133964538574
BMW.DE,08.07.2015,56.2086372375488
BMW.DE,09.07.2015,57.3683280944824
BMW.DE,10.07.2015,58.106876373291
BMW.DE,13.07.2015,57.9664916992188
BMW.DE,14.07.2015,57.7833824157715
BMW.DE,15.07.2015,57.099781036377
BMW.DE,16.07.2015,58.4364776611328
BMW.DE,17.07.2015,58.3388214111328
BMW.DE,20.07.2015,58.3571472167969
BMW.DE,21.07.2015,58.0702476501465
BMW.DE,22.07.2015,57.4537773132324
BMW.DE,23.07.2015,57.1852226257324
BMW.DE,24.07.2015,55.9339714050293
BMW.DE,27.07.2015,54.3714408874512
BMW.DE,28.07.2015,55.0428428649902
BMW.DE,29.07.2015,54.6155853271484
BMW.DE,30.07.2015,54.847526550293
BMW.DE,31.07.2015,55.726448059082
BMW.DE,03.08.2015,56.1903228759766
BMW.DE,04.08.2015,55.470100402832
BMW.DE,05.08.2015,56.7457695007324
BMW.DE,06.08.2015,56.2635726928711
BMW.DE,07.08.2015,56.6908264160156
BMW.DE,10.08.2015,57.0082206726074
BMW.DE,11.08.2015,54.5789527893066
BMW.DE,12.08.2015,52.5464363098145
BMW.DE,13.08.2015,52.6074752807617
BMW.DE,14.08.2015,52.5830688476563
BMW.DE,17.08.2015,52.8760414123535
BMW.DE,18.08.2015,52.4121627807617
BMW.DE,19.08.2015,51.1914291381836
BMW.DE,20.08.2015,50.0500373840332
BMW.DE,21.08.2015,48.9086608886719
BMW.DE,24.08.2015,46.9554862976074
BMW.DE,25.08.2015,49.9401741027832
BMW.DE,26.08.2015,49.2077445983887
BMW.DE,27.08.2015,50.6298866271973
BMW.DE,28.08.2015,50.6237831115723
BMW.DE,31.08.2015,50.1843185424805
BMW.DE,01.09.2015,48.8903427124023
BMW.DE,02.09.2015,48.5546417236328
BMW.DE,03.09.2015,50.1477088928223
BMW.DE,04.09.2015,49.0246238708496
BMW.DE,07.09.2015,49.4030532836914
BMW.DE,08.09.2015,51.2951965332031
BMW.DE,09.09.2015,52.2107429504395
BMW.DE,10.09.2015,52.5281257629395
BMW.DE,11.09.2015,52.2046356201172
BMW.DE,14.09.2015,52.0886688232422
BMW.DE,15.09.2015,53.2422561645508
BMW.DE,16.09.2015,53.3582267761231
BMW.DE,17.09.2015,53.8709411621094
BMW.DE,18.09.2015,52.3145065307617
BMW.DE,21.09.2015,51.5149230957031
BMW.DE,22.09.2015,48.4142608642578
BMW.DE,23.09.2015,48.7011299133301
BMW.DE,24.09.2015,46.1925239562988
BMW.DE,25.09.2015,48.1518058776856
BMW.DE,28.09.2015,46.7479515075684
BMW.DE,29.09.2015,46.6136817932129
BMW.DE,30.09.2015,48.3532218933106
BMW.DE,01.10.2015,47.810001373291
BMW.DE,02.10.2015,47.7367553710938
BMW.DE,05.10.2015,49.5434379577637
BMW.DE,06.10.2015,50.1843185424805
BMW.DE,07.10.2015,52.3328094482422
BMW.DE,08.10.2015,52.613582611084
BMW.DE,09.10.2015,53.5901641845703
BMW.DE,12.10.2015,54.4751968383789
BMW.DE,13.10.2015,53.7793846130371
BMW.DE,14.10.2015,52.9431838989258
BMW.DE,15.10.2015,53.1079864501953
BMW.DE,16.10.2015,52.9431838989258
BMW.DE,19.10.2015,53.5230293273926
BMW.DE,20.10.2015,53.2727813720703
BMW.DE,21.10.2015,53.7122535705566
BMW.DE,22.10.2015,55.146598815918
BMW.DE,23.10.2015,56.9410781860352
BMW.DE,26.10.2015,56.7091369628906
BMW.DE,27.10.2015,56.3856430053711
BMW.DE,28.10.2015,56.7457695007324
BMW.DE,29.10.2015,56.9715995788574
BMW.DE,30.10.2015,56.9838104248047
BMW.DE,02.11.2015,57.5941696166992
BMW.DE,03.11.2015,57.1119842529297
BMW.DE,04.11.2015,56.4283638000488
BMW.DE,05.11.2015,56.6297950744629
BMW.DE,06.11.2015,58.6134910583496
BMW.DE,09.11.2015,57.9603805541992
BMW.DE,10.11.2015,58.5524444580078
BMW.DE,11.11.2015,58.7050361633301
BMW.DE,12.11.2015,57.6552047729492
BMW.DE,13.11.2015,57.7040328979492
BMW.DE,16.11.2015,57.8078002929688
BMW.DE,17.11.2015,59.3642272949219
BMW.DE,18.11.2015,59.4801940917969
BMW.DE,19.11.2015,60.2614784240723
BMW.DE,20.11.2015,60.5300369262695
BMW.DE,23.11.2015,60.0905685424805
BMW.DE,24.11.2015,59.0590515136719
BMW.DE,25.11.2015,60.7314491271973
BMW.DE,26.11.2015,61.5554504394531
BMW.DE,27.11.2015,61.9521827697754
BMW.DE,30.11.2015,63.0508499145508
BMW.DE,01.12.2015,63.0508499145508
BMW.DE,02.12.2015,62.6541061401367
BMW.DE,03.12.2015,60.0234298706055
BMW.DE,04.12.2015,59.9196662902832
BMW.DE,07.12.2015,61.0305404663086
BMW.DE,08.12.2015,59.3275985717774
BMW.DE,09.12.2015,59.2909927368164
BMW.DE,10.12.2015,59.3703346252442
BMW.DE,11.12.2015,57.4415817260742
BMW.DE,14.12.2015,56.0926666259766
BMW.DE,15.12.2015,57.795597076416
BMW.DE,16.12.2015,58.2838745117188
BMW.DE,17.12.2015,60.2553749084473
BMW.DE,18.12.2015,59.0285377502442
BMW.DE,21.12.2015,58.2899932861328
BMW.DE,22.12.2015,58.8088073730469
BMW.DE,23.12.2015,60.1516151428223
BMW.DE,25.12.2015,60.1516151428223
BMW.DE,28.12.2015,59.4191665649414
BMW.DE,29.12.2015,60.1577110290527
BMW.DE,30.12.2015,59.5900573730469
