company_id,company_source,month_id,m_after,month_join_id,join_lag,m_log_rev_usd
1,1,1,0,12,-11,7.0197678
1,1,2,0,12,-10,7.6059856
1,1,3,0,12,-9,7.7064123
1,1,4,0,12,-8,7.8654785
1,1,5,0,12,-7,7.8893132
1,1,6,0,12,-6,7.683001
1,1,7,0,12,-5,8.1665106
1,1,8,0,12,-4,8.3068628
1,1,9,0,12,-3,8.3966789
1,1,10,0,12,-2,8.1953335
1,1,11,0,12,-1,8.3805285
1,1,12,1,12,0,8.3365164
1,1,13,1,12,1,8.4269896
1,1,14,1,12,2,8.6034966
1,1,15,1,12,3,8.8109808
1,1,16,1,12,4,8.5776873
1,1,17,1,12,5,8.7577801
1,1,18,1,12,6,8.4090242
1,1,19,1,12,7,8.7289143
1,1,20,1,12,8,8.6930923
1,1,21,1,12,9,8.4960346
1,1,22,1,12,10,8.5512428
1,1,23,1,12,11,8.4281473
1,1,24,1,12,12,8.3777618
2,2,1,0,24,-23,8.1207466
2,2,2,0,24,-22,8.221384
2,2,3,0,24,-21,8.5273447
2,2,4,0,24,-20,8.3876534
2,2,5,0,24,-19,8.3585758
2,2,6,0,24,-18,8.3910561
2,2,7,0,24,-17,8.0962276
2,2,8,0,24,-16,7.9109282
2,2,9,0,24,-15,8.1851788
2,2,10,0,24,-14,7.9640675
2,2,11,0,24,-13,7.944324
2,2,12,0,24,-12,8.212162
2,2,13,0,24,-11,8.3262873
2,2,14,0,24,-10,8.1246462
2,2,15,0,24,-9,8.7231016
2,2,16,0,24,-8,8.5470037
2,2,17,0,24,-7,8.7054834
2,2,18,0,24,-6,8.626214
2,2,19,0,24,-5,8.5187721
2,2,20,0,24,-4,8.2252607
2,2,21,0,24,-3,8.1734695
2,2,22,0,24,-2,8.0638895
2,2,23,0,24,-1,7.8909211
2,2,24,1,24,0,8.334445
3,3,1,0,19,-18,8.6956205
3,3,2,0,19,-17,8.6750917
3,3,3,0,19,-16,8.595211
3,3,4,0,19,-15,8.7022219
3,3,5,0,19,-14,8.6901236
3,3,6,0,19,-13,8.2599621
3,3,7,0,19,-12,8.5275574
3,3,8,0,19,-11,8.4298658
3,3,9,0,19,-10,8.679472
3,3,10,0,19,-9,8.53514
3,3,11,0,19,-8,8.5480499
3,3,12,0,19,-7,8.5863352
3,3,13,0,19,-6,8.4050198
3,3,14,0,19,-5,8.551877
3,3,15,0,19,-4,8.738059
3,3,16,0,19,-3,8.5780182
3,3,17,0,19,-2,8.5650072
3,3,18,0,19,-1,8.1457767
3,3,19,1,19,0,8.628417
3,3,20,1,19,1,8.6192102
3,3,21,1,19,2,8.6044521
3,3,22,1,19,3,8.5258274
3,3,23,1,19,4,8.7460537
3,3,24,1,19,5,8.6607141
4,4,1,0,7,-6,7.1198564
4,4,2,0,7,-5,7.2798519
4,4,3,0,7,-4,7.4135184
4,4,4,0,7,-3,7.4935141
4,4,5,0,7,-2,8.1663036
4,4,6,0,7,-1,7.8881679
4,4,7,1,7,0,7.6220808
4,4,8,1,7,1,7.9956241
4,4,9,1,7,2,8.1994581
4,4,10,1,7,3,7.2674532
4,4,11,1,7,4,7.5661674
4,4,12,1,7,5,7.1709619
4,4,13,1,7,6,7.4188046
4,4,14,1,7,7,8.5076504
4,4,15,1,7,8,7.2031035
4,4,16,1,7,9,7.0711207
4,4,17,1,7,10,7.7497954
4,4,18,1,7,11,6.6746116
4,4,19,1,7,12,8.8499413
4,4,20,1,7,13,8.4385443
4,4,21,1,7,14,7.5517306
4,4,22,1,7,15,7.1210985
4,4,23,1,7,16,7.8694248
4,4,24,1,7,17,7.7321129
5,5,1,0,7,-6,4.8470654
5,5,2,0,7,-5,5.5613575
5,5,3,0,7,-4,5.3889923
5,5,4,0,7,-3,5.34128
5,5,5,0,7,-2,5.9359651
5,5,6,0,7,-1,6.8151517
5,5,7,1,7,0,7.4701662
5,5,8,1,7,1,7.7456012
5,5,9,1,7,2,7.7051582
5,5,10,1,7,3,7.8064661
5,5,11,1,7,4,7.7847056
5,5,12,1,7,5,7.8875675
5,5,13,1,7,6,7.7985029
5,5,14,1,7,7,8.0891657
5,5,15,1,7,8,8.3290768
5,5,16,1,7,9,8.4561014
5,5,17,1,7,10,8.4086342
5,5,18,1,7,11,8.3775969
5,5,19,1,7,12,8.5397367
5,5,20,1,7,13,8.6863461
5,5,21,1,7,14,8.6848392
5,5,22,1,7,15,9.0124083
5,5,23,1,7,16,9.0322065
5,5,24,1,7,17,8.6830568
6,6,1,0,12,-11,8.8031702
6,6,2,0,12,-10,9.0295496
6,6,3,0,12,-9,8.7581987
6,6,4,0,12,-8,9.0812378
6,6,5,0,12,-7,9.5406771
6,6,6,0,12,-6,8.9698143
6,6,7,0,12,-5,10.000102
6,6,8,0,12,-4,9.7276993
6,6,9,0,12,-3,9.5115891
6,6,10,0,12,-2,8.6208591
6,6,11,0,12,-1,10.311938
6,6,12,1,12,0,9.6705799
6,6,13,1,12,1,9.484004
6,6,14,1,12,2,9.3698721
6,6,15,1,12,3,10.184569
6,6,16,1,12,4,9.873229
6,6,17,1,12,5,11.044248
6,6,18,1,12,6,10.357306
6,6,19,1,12,7,9.8599463
6,6,20,1,12,8,9.9482708
6,6,21,1,12,9,9.5108223
6,6,22,1,12,10,10.967751
6,6,23,1,12,11,9.6447325
6,6,24,1,12,12,9.6724329
7,7,1,0,8,-7,8.5941858
7,7,2,0,8,-6,8.5379553
7,7,3,0,8,-5,8.4205589
7,7,4,0,8,-4,8.5689402
7,7,5,0,8,-3,8.9571257
7,7,6,0,8,-2,9.5617857
7,7,7,0,8,-1,9.0119133
7,7,8,1,8,0,9.0176363
7,7,9,1,8,1,8.9795618
7,7,10,1,8,2,8.9629049
7,7,11,1,8,3,8.8510714
7,7,12,1,8,4,9.1004877
7,7,13,1,8,5,8.9103718
7,7,14,1,8,6,9.0886612
7,7,15,1,8,7,8.6969461
7,7,16,1,8,8,9.1282606
7,7,17,1,8,9,9.4052277
7,7,18,1,8,10,9.8794785
7,7,19,1,8,11,9.4660845
7,7,20,1,8,12,9.3584862
7,7,21,1,8,13,9.3950891
7,7,22,1,8,14,9.3797836
7,7,23,1,8,15,9.4876595
7,7,24,1,8,16,9.5527325
8,8,8,0,32,-24,10.183046
8,8,9,0,32,-23,10.109387
8,8,10,0,32,-22,10.474056
8,8,11,0,32,-21,10.474826
8,8,12,0,32,-20,10.612967
8,8,13,0,32,-19,10.619483
8,8,14,0,32,-18,10.659785
8,8,15,0,32,-17,10.860731
8,8,16,0,32,-16,11.068844
8,8,17,0,32,-15,11.396085
8,8,18,0,32,-14,11.298692
8,8,19,0,32,-13,10.975752
8,8,20,0,32,-12,11.161127
8,8,21,0,32,-11,11.151116
8,8,22,0,32,-10,11.159011
8,8,23,0,32,-9,11.339465
8,8,24,0,32,-8,11.430373
9,9,1,0,10,-9,8.8492708
9,9,2,0,10,-8,8.5422983
9,9,3,0,10,-7,8.1641731
9,9,4,0,10,-6,8.6519156
9,9,5,0,10,-5,9.1449013
9,9,6,0,10,-4,9.0213985
9,9,7,0,10,-3,8.4263887
9,9,8,0,10,-2,8.6632185
9,9,9,0,10,-1,8.6819057
9,9,10,1,10,0,8.6238871
9,9,11,1,10,1,8.8818588
9,9,12,1,10,2,9.1606493
9,9,13,1,10,3,8.7476654
9,9,14,1,10,4,9.6443691
9,9,15,1,10,5,9.6369095
9,9,16,1,10,6,9.6202106
9,9,17,1,10,7,10.009428
9,9,18,1,10,8,9.6702394
9,9,19,1,10,9,9.1459217
9,9,20,1,10,10,9.6559591
9,9,21,1,10,11,9.940917
9,9,22,1,10,12,10.175745
9,9,23,1,10,13,9.8162489
9,9,24,1,10,14,10.286901
10,10,1,0,8,-7,7.1859436
10,10,2,0,8,-6,6.41225
10,10,3,0,8,-5,7.3421025
10,10,4,0,8,-4,5.3839998
10,10,5,0,8,-3,7.5029216
10,10,6,0,8,-2,7.5298691
10,10,7,0,8,-1,6.0404782
10,10,8,1,8,0,5.959517
10,10,9,1,8,1,6.9484606
10,10,10,1,8,2,4.6558776
10,10,11,1,8,3,6.0243702
10,10,12,1,8,4,4.629559
10,10,13,1,8,5,5.746408
10,10,14,1,8,6,4.5801082
10,10,15,1,8,7,5.0593414
10,10,16,1,8,8,5.359427
10,10,17,1,8,9,6.1575689
10,10,18,1,8,10,3.7174215
10,10,19,1,8,11,4.8893738
10,10,20,1,8,12,3.4237413
10,10,21,1,8,13,4.9484396
10,10,22,1,8,14,4.2154317
10,10,23,1,8,15,4.7767148
10,10,24,1,8,16,5.9532304
11,11,14,0,38,-24,9.3788862
11,11,15,0,38,-23,9.3506584
11,11,16,0,38,-22,9.5019341
11,11,17,0,38,-21,9.9043226
11,11,18,0,38,-20,9.8235693
11,11,19,0,38,-19,9.4749451
11,11,20,0,38,-18,9.6756477
11,11,21,0,38,-17,9.6702604
11,11,22,0,38,-16,9.5459337
11,11,23,0,38,-15,9.5716009
11,11,24,0,38,-14,9.5248041
12,12,1,0,8,-7,10.045724
12,12,2,0,8,-6,10.604376
12,12,3,0,8,-5,9.9948187
12,12,4,0,8,-4,9.9163427
12,12,5,0,8,-3,10.649286
12,12,6,0,8,-2,10.296428
12,12,7,0,8,-1,10.001541
12,12,8,1,8,0,9.6250916
12,12,9,1,8,1,9.8264427
12,12,10,1,8,2,9.7657661
12,12,11,1,8,3,9.748764
12,12,12,1,8,4,9.7511282
12,12,13,1,8,5,9.6820335
12,12,14,1,8,6,9.9893923
12,12,15,1,8,7,9.9838696
12,12,16,1,8,8,10.250917
12,12,17,1,8,9,10.891463
12,12,18,1,8,10,10.510331
12,12,19,1,8,11,10.227115
12,12,20,1,8,12,10.13029
12,12,21,1,8,13,10.055783
12,12,22,1,8,14,9.9344072
12,12,23,1,8,15,9.8767967
12,12,24,1,8,16,10.45221
13,13,1,0,8,-7,7.4773431
13,13,2,0,8,-6,8.1163626
13,13,3,0,8,-5,7.6284146
13,13,4,0,8,-4,7.6019588
13,13,5,0,8,-3,7.8964915
13,13,6,0,8,-2,8.2950735
13,13,7,0,8,-1,7.3198619
13,13,8,1,8,0,7.3170352
13,13,9,1,8,1,7.6591721
13,13,10,1,8,2,8.2467136
13,13,11,1,8,3,7.6227474
13,13,12,1,8,4,7.9356432
13,13,13,1,8,5,7.4098349
13,13,14,1,8,6,7.958169
13,13,15,1,8,7,7.5355401
13,13,16,1,8,8,7.6353393
13,13,17,1,8,9,8.9616594
13,13,18,1,8,10,9.5479803
13,13,19,1,8,11,8.5517216
13,13,20,1,8,12,8.1251869
13,13,21,1,8,13,8.3096008
13,13,22,1,8,14,7.4607401
13,13,23,1,8,15,7.9889617
13,13,24,1,8,16,7.4525204
14,14,1,0,8,-7,7.2944984
14,14,2,0,8,-6,7.6163764
14,14,3,0,8,-5,7.0957208
14,14,4,0,8,-4,7.2221084
14,14,5,0,8,-3,7.712615
14,14,6,0,8,-2,7.7289743
14,14,7,0,8,-1,7.5639911
14,14,8,1,8,0,7.6448936
14,14,9,1,8,1,8.0217276
14,14,10,1,8,2,7.9944053
14,14,11,1,8,3,8.0203791
14,14,12,1,8,4,7.895577
14,14,13,1,8,5,7.5175204
14,14,14,1,8,6,7.4572992
14,14,15,1,8,7,6.9765182
14,14,16,1,8,8,6.9883137
14,14,17,1,8,9,8.0138721
14,14,18,1,8,10,7.7172613
14,14,19,1,8,11,7.8252525
14,14,20,1,8,12,7.983387
14,14,21,1,8,13,7.9372063
14,14,22,1,8,14,7.8544302
14,14,23,1,8,15,7.9078588
14,14,24,1,8,16,7.9199562
15,15,5,0,8,-3,9.8751564
15,15,6,0,8,-2,9.025239
15,15,7,0,8,-1,8.8730879
15,15,8,1,8,0,8.7363701
15,15,9,1,8,1,9.0740833
15,15,10,1,8,2,9.2664804
15,15,11,1,8,3,9.5820446
15,15,12,1,8,4,9.5919075
15,15,13,1,8,5,9.3155346
15,15,14,1,8,6,9.6172199
15,15,15,1,8,7,9.9342031
15,15,16,1,8,8,10.108238
15,15,17,1,8,9,11.084825
15,15,18,1,8,10,11.162436
15,15,19,1,8,11,9.4128065
15,15,20,1,8,12,9.6016769
15,15,21,1,8,13,9.8243332
15,15,22,1,8,14,9.7471724
15,15,23,1,8,15,10.16713
15,15,24,1,8,16,9.9662657
16,16,1,0,8,-7,8.2418547
16,16,2,0,8,-6,8.3740234
16,16,3,0,8,-5,8.1283131
16,16,4,0,8,-4,8.260911
16,16,5,0,8,-3,8.6681652
16,16,6,0,8,-2,9.5635233
16,16,7,0,8,-1,7.8192139
16,16,8,1,8,0,8.0942879
16,16,9,1,8,1,8.1512737
16,16,10,1,8,2,8.3227177
16,16,11,1,8,3,8.3443956
16,16,12,1,8,4,9.45714
16,16,13,1,8,5,7.6302299
16,16,14,1,8,6,8.127697
16,16,15,1,8,7,8.0652523
16,16,16,1,8,8,8.0860262
16,16,17,1,8,9,8.2215433
16,16,18,1,8,10,9.5653114
16,16,19,1,8,11,7.7721705
16,16,20,1,8,12,7.9065852
16,16,21,1,8,13,7.9536552
16,16,22,1,8,14,8.1964884
16,16,23,1,8,15,8.0337429
16,16,24,1,8,16,9.4835711
17,17,6,0,30,-24,6.7799363
17,17,7,0,30,-23,7.1083441
17,17,8,0,30,-22,7.0090222
17,17,9,0,30,-21,7.1256704
17,17,10,0,30,-20,7.6513081
17,17,11,0,30,-19,7.9155316
17,17,12,0,30,-18,8.4028902
17,17,13,0,30,-17,8.1120825
17,17,14,0,30,-16,7.7386546
17,17,15,0,30,-15,8.3903627
17,17,16,0,30,-14,8.1835127
17,17,17,0,30,-13,8.1473961
17,17,18,0,30,-12,7.7333097
17,17,19,0,30,-11,8.0823154
17,17,20,0,30,-10,7.9649048
17,17,21,0,30,-9,8.389061
17,17,22,0,30,-8,8.3137035
17,17,23,0,30,-7,8.421586
17,17,24,0,30,-6,8.4499016
18,18,1,0,9,-8,8.7617435
18,18,2,0,9,-7,8.7286339
18,18,3,0,9,-6,9.0253725
18,18,4,0,9,-5,7.7421737
18,18,5,0,9,-4,8.5719442
18,18,6,0,9,-3,8.7329311
18,18,7,0,9,-2,8.6358118
18,18,8,0,9,-1,9.1589775
18,18,9,1,9,0,9.03265
18,18,10,1,9,1,8.8948841
18,18,11,1,9,2,9.2796793
18,18,12,1,9,3,9.2691841
18,18,13,1,9,4,8.7720413
18,18,14,1,9,5,9.2062778
18,18,15,1,9,6,8.7425594
18,18,16,1,9,7,8.1974516
18,18,17,1,9,8,8.4571705
18,18,18,1,9,9,8.5375624
18,18,19,1,9,10,8.5799532
18,18,20,1,9,11,8.768157
18,18,21,1,9,12,9.4480219
18,18,22,1,9,13,9.1217127
18,18,23,1,9,14,8.7902546
18,18,24,1,9,15,9.0123711
19,19,1,0,9,-8,4.7347717
19,19,2,0,9,-7,6.6258397
19,19,3,0,9,-6,6.5451512
19,19,4,0,9,-5,6.2658458
19,19,5,0,9,-4,6.9494133
19,19,6,0,9,-3,7.8270555
19,19,7,0,9,-2,7.4084969
19,19,8,0,9,-1,9.1211195
19,19,9,1,9,0,8.5848742
19,19,10,1,9,1,8.8091984
19,19,11,1,9,2,9.2051983
19,19,12,1,9,3,9.2186384
19,19,13,1,9,4,8.9351368
19,19,14,1,9,5,7.8871818
19,19,15,1,9,6,7.3923049
19,19,16,1,9,7,6.4780879
19,19,17,1,9,8,7.8795161
19,19,18,1,9,9,7.408422
19,19,19,1,9,10,7.8342843
19,19,20,1,9,11,7.2084551
19,19,21,1,9,12,7.1669059
19,19,22,1,9,13,8.0273352
19,19,23,1,9,14,8.5907726
19,19,24,1,9,15,7.9636774
20,20,1,0,9,-8,7.0666661
20,20,2,0,9,-7,6.086885
20,20,3,0,9,-6,6.0720072
20,20,4,0,9,-5,7.5889206
20,20,5,0,9,-4,7.6292958
20,20,6,0,9,-3,7.7174416
20,20,7,0,9,-2,7.762022
20,20,8,0,9,-1,7.710403
20,20,9,1,9,0,7.5770674
20,20,10,1,9,1,8.5381584
20,20,11,1,9,2,7.0909953
20,20,12,1,9,3,6.4417119
20,20,13,1,9,4,8.0158653
20,20,14,1,9,5,7.7805777
20,20,15,1,9,6,8.0146847
20,20,16,1,9,7,7.1158299
20,20,17,1,9,8,8.4153137
20,20,18,1,9,9,7.9147635
20,20,19,1,9,10,8.5105457
20,20,20,1,9,11,7.0209708
20,20,21,1,9,12,6.0814195
20,20,22,1,9,13,9.4013662
20,20,23,1,9,14,7.4302139
20,20,24,1,9,15,6.92133
21,21,3,0,9,-6,5.0959563
21,21,4,0,9,-5,5.787715
21,21,5,0,9,-4,6.9276519
21,21,6,0,9,-3,6.4225812
21,21,7,0,9,-2,6.323597
21,21,8,0,9,-1,6.1183696
21,21,9,1,9,0,7.0018039
21,21,10,1,9,1,6.0573797
21,21,11,1,9,2,5.6342607
21,21,12,1,9,3,5.5127029
21,21,13,1,9,4,5.7932925
21,21,14,1,9,5,6.0928764
21,21,15,1,9,6,8.0586243
21,21,16,1,9,7,8.8505363
21,21,17,1,9,8,9.5237103
21,21,18,1,9,9,9.0002327
21,21,19,1,9,10,8.3443604
21,21,20,1,9,11,7.7966027
21,21,21,1,9,12,7.8659692
21,21,22,1,9,13,7.3333144
21,21,23,1,9,14,7.5599003
21,21,24,1,9,15,6.4677577
22,22,1,0,9,-8,8.0494528
22,22,2,0,9,-7,8.1368036
22,22,3,0,9,-6,8.0265198
22,22,4,0,9,-5,7.830565
22,22,5,0,9,-4,7.8654513
22,22,6,0,9,-3,8.1960554
22,22,7,0,9,-2,8.0485134
22,22,8,0,9,-1,7.8446879
22,22,9,1,9,0,7.7714581
22,22,10,1,9,1,8.0447979
22,22,11,1,9,2,7.6153812
22,22,12,1,9,3,7.6626673
22,22,13,1,9,4,7.8274517
22,22,14,1,9,5,7.8826585
22,22,15,1,9,6,8.4618435
22,22,16,1,9,7,7.8994565
22,22,17,1,9,8,8.2013369
22,22,18,1,9,9,8.4201584
22,22,19,1,9,10,7.9214997
22,22,20,1,9,11,7.7537832
22,22,21,1,9,12,8.1611805
22,22,22,1,9,13,7.2528439
22,22,23,1,9,14,5.5091476
22,22,24,1,9,15,5.9686241
23,23,8,0,10,-2,4.5442572
23,23,9,0,10,-1,5.0995641
23,23,10,1,10,0,4.9880657
23,23,11,1,10,1,5.4478421
23,23,12,1,10,2,6.9234915
23,23,13,1,10,3,7.4140358
23,23,14,1,10,4,7.3373418
23,23,15,1,10,5,7.0977263
23,23,16,1,10,6,7.3934426
23,23,17,1,10,7,7.9721823
23,23,18,1,10,8,7.9926524
23,23,19,1,10,9,7.8461962
23,23,20,1,10,10,8.1218529
23,23,21,1,10,11,8.4603195
23,23,22,1,10,12,8.4009686
23,23,23,1,10,13,8.2707224
23,23,24,1,10,14,8.52635
24,24,1,0,10,-9,7.0907273
24,24,2,0,10,-8,6.8715825
24,24,3,0,10,-7,6.7516208
24,24,4,0,10,-6,6.134366
24,24,5,0,10,-5,6.3108625
24,24,6,0,10,-4,6.0724277
24,24,7,0,10,-3,6.3126636
24,24,8,0,10,-2,5.8803649
24,24,9,0,10,-1,5.6233945
24,24,10,1,10,0,6.2369089
24,24,11,1,10,1,5.8275971
24,24,12,1,10,2,5.4701605
24,24,13,1,10,3,5.6747184
24,24,14,1,10,4,5.7278938
24,24,15,1,10,5,5.4229984
24,24,16,1,10,6,4.7866035
24,24,17,1,10,7,5.5342898
24,24,18,1,10,8,5.1063304
24,24,19,1,10,9,5.0066624
24,24,20,1,10,10,4.723805
24,24,21,1,10,11,5.0160475
24,24,22,1,10,12,5.170136
24,24,23,1,10,13,5.8723493
24,24,24,1,10,14,5.5829468
25,25,1,0,11,-10,9.0421734
25,25,2,0,11,-9,8.9332743
25,25,3,0,11,-8,8.5775414
25,25,4,0,11,-7,8.4779263
25,25,5,0,11,-6,8.0021086
25,25,6,0,11,-5,8.1602707
25,25,7,0,11,-4,8.6026325
25,25,8,0,11,-3,9.2295532
25,25,9,0,11,-2,9.8057184
25,25,10,0,11,-1,10.409392
25,25,11,1,11,0,10.301654
25,25,12,1,11,1,9.8309412
25,25,13,1,11,2,9.2223072
25,25,14,1,11,3,9.0906162
25,25,15,1,11,4,9.1120453
25,25,16,1,11,5,9.0656204
25,25,17,1,11,6,8.3480606
25,25,18,1,11,7,8.1729984
25,25,19,1,11,8,8.6195898
25,25,20,1,11,9,9.1695824
25,25,21,1,11,10,9.7881889
25,25,22,1,11,11,10.23657
25,25,23,1,11,12,10.727834
25,25,24,1,11,13,9.9764099
26,26,1,0,11,-10,9.8841352
26,26,2,0,11,-9,9.7061968
26,26,3,0,11,-8,9.1449165
26,26,4,0,11,-7,9.434967
26,26,5,0,11,-6,9.4493246
26,26,6,0,11,-5,9.5332546
26,26,7,0,11,-4,9.8409882
26,26,8,0,11,-3,9.2093048
26,26,9,0,11,-2,8.9913902
26,26,10,0,11,-1,9.0877771
26,26,11,1,11,0,8.4441919
26,26,12,1,11,1,9.2084913
26,26,13,1,11,2,9.1443405
26,26,14,1,11,3,8.880785
26,26,15,1,11,4,8.9174118
26,26,16,1,11,5,9.1070013
26,26,17,1,11,6,8.7989569
26,26,18,1,11,7,9.2229223
26,26,19,1,11,8,9.1817732
26,26,20,1,11,9,8.3857412
26,26,21,1,11,10,7.9509745
26,26,22,1,11,11,9.0330744
26,26,23,1,11,12,6.6930118
26,26,24,1,11,13,8.1965342
27,27,1,0,11,-10,8.6717691
27,27,2,0,11,-9,8.7489872
27,27,3,0,11,-8,9.3006039
27,27,4,0,11,-7,9.3798409
27,27,5,0,11,-6,9.6197624
27,27,6,0,11,-5,8.7168694
27,27,7,0,11,-4,9.2558002
27,27,8,0,11,-3,8.9860229
27,27,9,0,11,-2,8.4254122
27,27,10,0,11,-1,9.0022287
27,27,11,1,11,0,9.553443
27,27,12,1,11,1,9.0109196
27,27,13,1,11,2,7.950799
27,27,14,1,11,3,8.1177797
27,27,15,1,11,4,8.5995665
27,27,16,1,11,5,8.7807226
27,27,17,1,11,6,9.6857424
27,27,18,1,11,7,6.8915753
27,27,19,1,11,8,8.0947285
27,27,20,1,11,9,7.9283376
27,27,21,1,11,10,7.028995
27,27,22,1,11,11,8.5720825
27,27,23,1,11,12,7.6217446
27,27,24,1,11,13,8.5624847
28,28,7,0,11,-4,5.3585682
28,28,8,0,11,-3,6.5886889
28,28,9,0,11,-2,7.6441646
28,28,10,0,11,-1,7.9159613
28,28,11,1,11,0,8.1370258
28,28,12,1,11,1,8.1374664
28,28,13,1,11,2,8.0724535
28,28,14,1,11,3,7.8572569
28,28,15,1,11,4,6.2901454
28,28,18,1,11,7,8.1742868
28,28,19,1,11,8,8.2686348
28,28,20,1,11,9,8.6600409
28,28,21,1,11,10,8.5860729
28,28,22,1,11,11,8.3963356
28,28,23,1,11,12,9.6883287
28,28,24,1,11,13,9.263092
29,29,8,0,11,-3,8.7835741
29,29,9,0,11,-2,8.3889732
29,29,10,0,11,-1,8.9256725
29,29,11,1,11,0,8.7013454
29,29,12,1,11,1,9.2179575
29,29,13,1,11,2,8.9188032
29,29,14,1,11,3,8.8840342
29,29,15,1,11,4,8.02701
29,29,16,1,11,5,9.1327887
29,29,17,1,11,6,8.7248058
29,29,18,1,11,7,8.3702469
29,29,19,1,11,8,8.5847406
29,29,20,1,11,9,9.8711624
29,29,21,1,11,10,8.3914185
29,29,22,1,11,11,8.953022
29,29,23,1,11,12,8.5016251
29,29,24,1,11,13,9.1927814
30,30,1,0,11,-10,6.8281708
30,30,2,0,11,-9,3.4681704
30,30,3,0,11,-8,6.3679252
30,30,4,0,11,-7,6.6504955
30,30,5,0,11,-6,8.3534565
30,30,6,0,11,-5,7.7593441
30,30,7,0,11,-4,6.1905804
30,30,8,0,11,-3,5.8096728
30,30,9,0,11,-2,5.5045881
30,30,10,0,11,-1,3.0869431
30,30,11,1,11,0,6.0964637
30,30,12,1,11,1,3.1176548
30,30,13,1,11,2,5.2841425
30,30,14,1,11,3,7.3505826
30,30,15,1,11,4,7.5150709
30,30,16,1,11,5,8.2458401
30,30,17,1,11,6,9.3156424
30,30,18,1,11,7,9.1386032
30,30,19,1,11,8,8.4498844
30,30,20,1,11,9,8.2634544
30,30,21,1,11,10,7.6511474
30,30,22,1,11,11,5.5701184
30,30,23,1,11,12,6.8321209
30,30,24,1,11,13,9.2447557
31,31,1,0,11,-10,7.6988726
31,31,2,0,11,-9,7.8895326
31,31,3,0,11,-8,7.8012071
31,31,4,0,11,-7,7.6979246
31,31,5,0,11,-6,7.6921225
31,31,6,0,11,-5,8.3278389
31,31,7,0,11,-4,7.5281267
31,31,8,0,11,-3,7.6718602
31,31,9,0,11,-2,7.7427993
31,31,10,0,11,-1,7.9322352
31,31,11,1,11,0,7.901545
31,31,12,1,11,1,8.0729399
31,31,13,1,11,2,7.8701768
31,31,14,1,11,3,8.1414185
31,31,15,1,11,4,8.1578608
31,31,16,1,11,5,7.9535632
31,31,17,1,11,6,8.0398226
31,31,18,1,11,7,8.5596323
31,31,19,1,11,8,7.9338646
31,31,20,1,11,9,7.7284412
31,31,21,1,11,10,8.0365601
31,31,22,1,11,11,7.9316211
31,31,23,1,11,12,7.8335152
31,31,24,1,11,13,8.1881475
32,32,6,0,30,-24,6.206038
32,32,7,0,30,-23,6.9954
32,32,8,0,30,-22,6.9576979
32,32,9,0,30,-21,7.0935235
32,32,10,0,30,-20,6.6274509
32,32,11,0,30,-19,7.1106272
32,32,12,0,30,-18,6.752574
32,32,13,0,30,-17,6.9179735
32,32,14,0,30,-16,6.9772067
32,32,15,0,30,-15,6.5800147
32,32,16,0,30,-14,6.8375387
32,32,17,0,30,-13,7.0625772
32,32,18,0,30,-12,7.2865672
32,32,19,0,30,-11,6.6821585
32,32,20,0,30,-10,7.02318
32,32,21,0,30,-9,7.3113194
32,32,22,0,30,-8,7.5521035
32,32,23,0,30,-7,7.4487238
32,32,24,0,30,-6,7.895999
33,33,1,0,11,-10,7.3567162
33,33,2,0,11,-9,7.7721648
33,33,3,0,11,-8,5.0291195
33,33,4,0,11,-7,7.5054116
33,33,5,0,11,-6,7.8542738
33,33,6,0,11,-5,9.0322638
33,33,7,0,11,-4,8.8983393
33,33,8,0,11,-3,9.3374929
33,33,9,0,11,-2,8.4383879
33,33,10,0,11,-1,8.254797
33,33,11,1,11,0,8.1033897
33,33,12,1,11,1,7.708746
33,33,13,1,11,2,8.6524372
33,33,14,1,11,3,8.7453814
33,33,15,1,11,4,8.397398
33,33,16,1,11,5,8.4227209
33,33,17,1,11,6,8.5486174
33,33,18,1,11,7,8.6239185
33,33,19,1,11,8,8.2005568
33,33,20,1,11,9,8.4734411
33,33,21,1,11,10,8.3869085
33,33,22,1,11,11,8.4585199
33,33,23,1,11,12,8.3371859
33,33,24,1,11,13,8.4303961
34,34,1,0,12,-11,4.0244265
34,34,12,1,12,0,5.8119445
34,34,13,1,12,1,6.3667216
34,34,18,1,12,6,6.471034
34,34,19,1,12,7,6.3178244
34,34,20,1,12,8,6.2149582
34,34,21,1,12,9,6.3499966
34,34,22,1,12,10,6.3445592
34,34,23,1,12,11,5.4349341
34,34,24,1,12,12,5.645925
35,35,1,0,12,-11,5.2425351
35,35,2,0,12,-10,5.5795898
35,35,3,0,12,-9,5.0309958
35,35,4,0,12,-8,5.3771553
35,35,5,0,12,-7,7.6665478
35,35,6,0,12,-6,8.5366516
35,35,7,0,12,-5,7.6103024
35,35,8,0,12,-4,7.880692
35,35,9,0,12,-3,6.7682047
35,35,10,0,12,-2,7.0483923
35,35,11,0,12,-1,6.929328
35,35,12,1,12,0,7.1996522
35,35,13,1,12,1,6.0598745
35,35,14,1,12,2,8.9578705
35,35,15,1,12,3,8.636097
35,35,16,1,12,4,8.8602381
35,35,17,1,12,5,8.5653315
35,35,18,1,12,6,8.5588665
35,35,19,1,12,7,7.9775753
35,35,20,1,12,8,8.7719622
35,35,21,1,12,9,7.2601309
35,35,22,1,12,10,7.8423657
35,35,23,1,12,11,7.6497445
35,35,24,1,12,12,7.9591455
36,36,1,0,12,-11,7.6054268
36,36,2,0,12,-10,7.3279905
36,36,3,0,12,-9,7.3491073
36,36,4,0,12,-8,6.6936011
36,36,5,0,12,-7,6.9114966
36,36,6,0,12,-6,7.846508
36,36,7,0,12,-5,7.0598564
36,36,8,0,12,-4,7.8256278
36,36,9,0,12,-3,7.8230915
36,36,10,0,12,-2,8.0169497
36,36,11,0,12,-1,7.6480956
36,36,12,1,12,0,8.6914749
36,36,13,1,12,1,8.0658522
36,36,14,1,12,2,8.1229897
36,36,15,1,12,3,8.8697062
36,36,16,1,12,4,8.9524031
36,36,17,1,12,5,8.0135078
36,36,18,1,12,6,7.3169723
36,36,19,1,12,7,7.5785837
36,36,20,1,12,8,7.6110954
36,36,21,1,12,9,6.4419308
36,36,22,1,12,10,7.3688488
36,36,23,1,12,11,7.5329366
36,36,24,1,12,12,9.1424189
37,37,1,0,13,-12,8.4720345
37,37,2,0,13,-11,8.7395878
37,37,3,0,13,-10,8.8676853
37,37,4,0,13,-9,8.0327063
37,37,5,0,13,-8,9.4892387
37,37,6,0,13,-7,8.37012
37,37,7,0,13,-6,8.8300924
37,37,8,0,13,-5,8.9034014
37,37,9,0,13,-4,8.6620321
37,37,10,0,13,-3,8.4333391
37,37,11,0,13,-2,9.3420525
37,37,12,0,13,-1,8.6130829
37,37,13,1,13,0,8.3653746
37,37,14,1,13,1,8.0265989
37,37,15,1,13,2,7.9451876
37,37,16,1,13,3,7.6609659
37,37,17,1,13,4,7.7658496
37,37,18,1,13,5,8.2312641
37,37,19,1,13,6,7.4866438
37,37,20,1,13,7,7.1231341
37,37,21,1,13,8,6.9695487
37,37,22,1,13,9,7.0025034
37,37,23,1,13,10,6.9153442
37,37,24,1,13,11,6.5744944
38,38,1,0,13,-12,10.015691
38,38,2,0,13,-11,9.8893805
38,38,3,0,13,-10,10.052756
38,38,4,0,13,-9,10.303073
38,38,5,0,13,-8,11.087802
38,38,6,0,13,-7,10.72573
38,38,7,0,13,-6,10.024026
38,38,8,0,13,-5,10.060466
38,38,9,0,13,-4,10.018238
38,38,10,0,13,-3,9.9394627
38,38,11,0,13,-2,10.22497
38,38,12,0,13,-1,10.080616
38,38,13,1,13,0,9.6391497
38,38,14,1,13,1,9.7578688
38,38,15,1,13,2,9.8612719
38,38,16,1,13,3,9.9373255
38,38,17,1,13,4,11.010015
38,38,18,1,13,5,10.600845
38,38,19,1,13,6,10.011854
38,38,20,1,13,7,9.9482784
38,38,21,1,13,8,10.158013
38,38,22,1,13,9,10.115685
38,38,23,1,13,10,10.092314
38,38,24,1,13,11,9.9964733
39,39,1,0,13,-12,4.5733728
39,39,2,0,13,-11,4.5728903
39,39,3,0,13,-10,4.6182923
39,39,4,0,13,-9,4.80795
39,39,5,0,13,-8,5.0421181
39,39,6,0,13,-7,5.7857423
39,39,7,0,13,-6,3.7570531
39,39,8,0,13,-5,4.7061534
39,39,9,0,13,-4,7.8782926
39,39,10,0,13,-3,4.918911
39,39,11,0,13,-2,4.8972726
39,39,12,0,13,-1,5.02071
39,39,13,1,13,0,6.1241493
39,39,14,1,13,1,5.6099453
39,39,15,1,13,2,6.2397718
39,39,16,1,13,3,5.8059254
39,39,17,1,13,4,6.4926143
39,39,18,1,13,5,6.3627839
39,39,19,1,13,6,4.4780488
39,39,20,1,13,7,4.702775
39,39,21,1,13,8,5.5732975
39,39,22,1,13,9,5.3198133
39,39,23,1,13,10,6.7372184
39,39,24,1,13,11,8.2042608
40,40,5,0,13,-8,0.59883648
40,40,8,0,13,-5,0.30202869
40,40,11,0,13,-2,3.2087123
40,40,12,0,13,-1,5.6101594
40,40,13,1,13,0,7.0610623
40,40,14,1,13,1,7.3642106
40,40,15,1,13,2,7.3263798
40,40,16,1,13,3,7.579381
40,40,17,1,13,4,7.887836
40,40,18,1,13,5,8.5608168
40,40,19,1,13,6,7.51969
40,40,20,1,13,7,7.8565702
40,40,21,1,13,8,7.8640823
40,40,22,1,13,9,7.8509626
40,40,23,1,13,10,8.0919514
40,40,24,1,13,11,7.8729463
41,41,1,0,14,-13,8.8887691
41,41,2,0,14,-12,9.1771145
41,41,3,0,14,-11,9.3373041
41,41,4,0,14,-10,9.070776
41,41,5,0,14,-9,9.1572218
41,41,6,0,14,-8,9.4804764
41,41,7,0,14,-7,9.3900967
41,41,8,0,14,-6,9.6139193
41,41,9,0,14,-5,9.7745361
41,41,10,0,14,-4,9.9495993
41,41,11,0,14,-3,9.9938364
41,41,12,0,14,-2,9.8095026
41,41,13,0,14,-1,10.124715
41,41,14,1,14,0,10.46735
41,41,15,1,14,1,10.802967
41,41,16,1,14,2,11.113016
41,41,17,1,14,3,11.435079
41,41,18,1,14,4,11.409706
41,41,19,1,14,5,11.117148
41,41,20,1,14,6,10.903292
41,41,21,1,14,7,11.017716
41,41,22,1,14,8,11.05958
41,41,23,1,14,9,11.139796
41,41,24,1,14,10,11.113414
42,42,1,0,15,-14,7.3553414
42,42,2,0,15,-13,7.0602398
42,42,3,0,15,-12,6.5331006
42,42,4,0,15,-11,6.8269892
42,42,5,0,15,-10,7.9527745
42,42,6,0,15,-9,7.3051968
42,42,7,0,15,-8,8.0121489
42,42,8,0,15,-7,7.380929
42,42,9,0,15,-6,7.4744916
42,42,10,0,15,-5,7.5840569
42,42,11,0,15,-4,7.8415194
42,42,12,0,15,-3,8.124692
42,42,13,0,15,-2,7.7904835
42,42,14,0,15,-1,7.8207192
42,42,15,1,15,0,7.1821942
42,42,16,1,15,1,7.2241483
42,42,17,1,15,2,7.2261839
42,42,18,1,15,3,7.4890761
42,42,19,1,15,4,6.4337058
42,42,20,1,15,5,7.4103279
42,42,21,1,15,6,7.7231498
42,42,22,1,15,7,7.211648
42,42,23,1,15,8,7.0219831
42,42,24,1,15,9,6.9591632
43,43,2,0,15,-13,5.9080362
43,43,3,0,15,-12,6.712409
43,43,4,0,15,-11,6.994359
43,43,5,0,15,-10,7.0446458
43,43,6,0,15,-9,7.1530457
43,43,7,0,15,-8,6.7069573
43,43,8,0,15,-7,7.3644185
43,43,9,0,15,-6,7.3983393
43,43,10,0,15,-5,7.7759585
43,43,11,0,15,-4,7.705689
43,43,12,0,15,-3,7.8210278
43,43,13,0,15,-2,7.4608002
43,43,14,0,15,-1,7.1860223
43,43,15,1,15,0,7.2866898
43,43,16,1,15,1,7.3264875
43,43,17,1,15,2,7.878737
43,43,18,1,15,3,7.8381104
43,43,19,1,15,4,7.3174214
43,43,20,1,15,5,7.4891152
43,43,21,1,15,6,7.7101207
43,43,22,1,15,7,7.6504016
43,43,23,1,15,8,7.4685864
43,43,24,1,15,9,8.3241682
44,44,1,0,15,-14,10.317758
44,44,2,0,15,-13,10.392557
44,44,3,0,15,-12,10.422815
44,44,4,0,15,-11,10.292653
44,44,5,0,15,-10,10.922134
44,44,6,0,15,-9,11.432194
44,44,7,0,15,-8,10.884405
44,44,8,0,15,-7,11.293761
44,44,9,0,15,-6,11.259884
44,44,10,0,15,-5,11.198092
44,44,11,0,15,-4,11.344531
44,44,12,0,15,-3,11.30573
44,44,13,0,15,-2,11.408216
44,44,14,0,15,-1,12.138328
44,44,15,1,15,0,12.001425
44,44,16,1,15,1,12.096725
44,44,17,1,15,2,12.59692
44,44,18,1,15,3,12.868635
44,44,19,1,15,4,12.641363
44,44,20,1,15,5,12.5046
44,44,21,1,15,6,12.463971
44,44,22,1,15,7,12.55724
44,44,23,1,15,8,12.552913
44,44,24,1,15,9,12.568144
45,45,1,0,15,-14,5.8318486
45,45,2,0,15,-13,8.4999647
45,45,3,0,15,-12,8.7627144
45,45,4,0,15,-11,7.5522809
45,45,5,0,15,-10,8.4548025
45,45,6,0,15,-9,8.8640022
45,45,7,0,15,-8,8.7105207
45,45,8,0,15,-7,8.5194244
45,45,9,0,15,-6,7.8625774
45,45,10,0,15,-5,8.8107872
45,45,11,0,15,-4,7.9439969
45,45,12,0,15,-3,8.1501694
45,45,13,0,15,-2,9.2196302
45,45,14,0,15,-1,8.4677734
45,45,15,1,15,0,8.5267191
45,45,16,1,15,1,8.2524557
45,45,17,1,15,2,9.4999008
45,45,18,1,15,3,8.8449774
45,45,19,1,15,4,9.0617981
45,45,20,1,15,5,9.2986631
45,45,21,1,15,6,9.2621117
45,45,22,1,15,7,8.9218731
45,45,23,1,15,8,8.3300333
45,45,24,1,15,9,8.6953831
46,46,1,0,16,-15,6.1171231
46,46,2,0,16,-14,6.7925763
46,46,3,0,16,-13,6.9519262
46,46,4,0,16,-12,6.7785969
46,46,5,0,16,-11,7.6615524
46,46,6,0,16,-10,7.7940626
46,46,7,0,16,-9,7.1303287
46,46,8,0,16,-8,5.42942
46,46,9,0,16,-7,5.6089492
46,46,10,0,16,-6,7.2171526
46,46,11,0,16,-5,7.3154044
46,46,12,0,16,-4,7.3167014
46,46,13,0,16,-3,7.0979605
46,46,14,0,16,-2,7.2486196
46,46,15,0,16,-1,7.6672559
46,46,16,1,16,0,7.6761374
46,46,17,1,16,1,7.6037569
46,46,18,1,16,2,8.2140284
46,46,19,1,16,3,7.6291685
46,46,20,1,16,4,7.6473112
46,46,21,1,16,5,7.6959114
46,46,22,1,16,6,7.4065609
46,46,23,1,16,7,7.4050007
46,46,24,1,16,8,7.6870756
47,47,1,0,16,-15,7.8866591
47,47,2,0,16,-14,8.0352812
47,47,3,0,16,-13,7.7172246
47,47,4,0,16,-12,8.1187029
47,47,5,0,16,-11,8.3079576
47,47,6,0,16,-10,8.2579155
47,47,7,0,16,-9,7.5989156
47,47,8,0,16,-8,7.2230611
47,47,9,0,16,-7,7.2739387
47,47,10,0,16,-6,7.3731141
47,47,11,0,16,-5,7.3046465
47,47,12,0,16,-4,7.0002537
47,47,13,0,16,-3,6.8400812
47,47,14,0,16,-2,7.1562548
47,47,15,0,16,-1,6.8440032
47,47,16,1,16,0,7.2993517
47,47,17,1,16,1,7.5175743
47,47,18,1,16,2,7.7583795
47,47,19,1,16,3,7.5567889
47,47,20,1,16,4,7.2426848
47,47,21,1,16,5,7.4013572
47,47,22,1,16,6,7.1623011
47,47,23,1,16,7,7.5884676
47,47,24,1,16,8,7.3539429
48,48,4,0,16,-12,7.7730651
48,48,5,0,16,-11,7.8881321
48,48,6,0,16,-10,8.0432701
48,48,7,0,16,-9,7.5247054
48,48,8,0,16,-8,6.9708967
48,48,9,0,16,-7,8.052125
48,48,10,0,16,-6,7.9713926
48,48,11,0,16,-5,7.6874876
48,48,12,0,16,-4,7.5345602
48,48,13,0,16,-3,7.5581226
48,48,14,0,16,-2,7.7873878
48,48,15,0,16,-1,7.4856811
48,48,16,1,16,0,7.1679244
48,48,17,1,16,1,8.1981955
48,48,18,1,16,2,8.7627468
48,48,19,1,16,3,7.1344543
48,48,20,1,16,4,7.3914385
48,48,21,1,16,5,7.5269394
48,48,22,1,16,6,7.40696
48,48,23,1,16,7,7.3747783
48,48,24,1,16,8,7.6765437
49,49,2,0,16,-14,10.351816
49,49,3,0,16,-13,10.65624
49,49,4,0,16,-12,10.795178
49,49,5,0,16,-11,11.748692
49,49,6,0,16,-10,11.088861
49,49,7,0,16,-9,10.278405
49,49,8,0,16,-8,10.540735
49,49,9,0,16,-7,10.371024
49,49,10,0,16,-6,10.908889
49,49,11,0,16,-5,12.268861
49,49,12,0,16,-4,11.401082
49,49,13,0,16,-3,11.123587
49,49,14,0,16,-2,11.75602
49,49,15,0,16,-1,11.353081
49,49,16,1,16,0,10.818719
49,49,17,1,16,1,12.875905
49,49,18,1,16,2,12.187695
49,49,19,1,16,3,11.025808
49,49,20,1,16,4,11.003111
49,49,21,1,16,5,11.186941
49,49,22,1,16,6,11.154387
49,49,23,1,16,7,11.836761
49,49,24,1,16,8,12.00177
50,50,8,0,16,-8,6.0421357
50,50,9,0,16,-7,7.6031456
50,50,10,0,16,-6,7.4203005
50,50,11,0,16,-5,6.9720173
50,50,12,0,16,-4,7.037519
50,50,13,0,16,-3,7.4804816
50,50,14,0,16,-2,7.6848731
50,50,15,0,16,-1,7.7375827
50,50,16,1,16,0,7.6664205
50,50,17,1,16,1,8.2147646
50,50,18,1,16,2,8.6865158
50,50,19,1,16,3,7.9938464
50,50,20,1,16,4,7.8321667
50,50,21,1,16,5,7.3758712
50,50,22,1,16,6,7.4292402
50,50,23,1,16,7,7.4028354
50,50,24,1,16,8,7.3754892
51,51,13,0,16,-3,3.2572193
51,51,14,0,16,-2,6.046773
51,51,15,0,16,-1,6.0448265
51,51,16,1,16,0,8.3428545
51,51,17,1,16,1,8.2587404
51,51,18,1,16,2,7.3052158
51,51,19,1,16,3,6.6378789
51,51,20,1,16,4,6.1725917
51,51,21,1,16,5,6.1222987
51,51,22,1,16,6,7.2522063
51,51,23,1,16,7,8.2864647
51,51,24,1,16,8,8.2385292
52,52,10,0,17,-7,4.9914985
52,52,11,0,17,-6,7.1011095
52,52,12,0,17,-5,5.5838947
52,52,16,0,17,-1,5.7182274
52,52,17,1,17,0,5.6815219
52,52,18,1,17,1,5.8837929
52,52,19,1,17,2,7.7455163
52,52,20,1,17,3,7.5930772
52,52,21,1,17,4,8.1501007
52,52,22,1,17,5,8.4680214
52,52,23,1,17,6,7.6969242
52,52,24,1,17,7,8.0532217
53,53,6,0,30,-24,7.4184995
53,53,7,0,30,-23,7.7793522
53,53,8,0,30,-22,7.4187565
53,53,9,0,30,-21,8.0574541
53,53,10,0,30,-20,8.0736656
53,53,11,0,30,-19,7.6057644
53,53,12,0,30,-18,8.0605412
53,53,13,0,30,-17,8.1249676
53,53,14,0,30,-16,8.0862036
53,53,15,0,30,-15,8.1360741
53,53,16,0,30,-14,7.9591722
53,53,17,0,30,-13,8.3231955
53,53,18,0,30,-12,7.967772
53,53,19,0,30,-11,8.3599043
53,53,20,0,30,-10,8.5223255
53,53,21,0,30,-9,8.9709873
53,53,22,0,30,-8,8.6435289
53,53,23,0,30,-7,8.3825474
53,53,24,0,30,-6,8.398982
54,54,1,0,17,-16,10.300739
54,54,2,0,17,-15,10.330316
54,54,3,0,17,-14,10.401543
54,54,4,0,17,-13,10.375289
54,54,5,0,17,-12,10.982687
54,54,6,0,17,-11,10.804633
54,54,7,0,17,-10,10.903583
54,54,8,0,17,-9,10.772697
54,54,9,0,17,-8,11.017528
54,54,10,0,17,-7,10.967967
54,54,11,0,17,-6,11.047521
54,54,12,0,17,-5,10.778241
54,54,13,0,17,-4,10.89612
54,54,14,0,17,-3,10.89595
54,54,15,0,17,-2,10.916118
54,54,16,0,17,-1,10.746591
54,54,17,1,17,0,11.738762
54,54,18,1,17,1,10.715192
54,54,19,1,17,2,10.810754
54,54,20,1,17,3,10.961398
54,54,21,1,17,4,11.04483
54,54,22,1,17,5,11.18731
54,54,23,1,17,6,11.189495
54,54,24,1,17,7,11.077223
54,55,5,0,29,-24,11.245953
54,55,6,0,29,-23,10.965212
54,55,7,0,29,-22,11.086272
54,55,8,0,29,-21,10.929113
54,55,9,0,29,-20,11.195474
54,55,10,0,29,-19,11.126399
54,55,11,0,29,-18,11.198932
54,55,12,0,29,-17,10.924646
54,55,13,0,29,-16,11.055786
54,55,14,0,29,-15,11.088449
54,55,15,0,29,-14,11.129242
54,55,16,0,29,-13,10.989496
54,55,17,0,29,-12,11.966857
54,55,18,0,29,-11,10.940176
54,55,19,0,29,-10,11.037237
54,55,20,0,29,-9,11.180446
54,55,21,0,29,-8,11.261559
54,55,22,0,29,-7,11.362561
54,55,23,0,29,-6,11.419839
54,55,24,0,29,-5,11.172205
55,56,7,0,18,-11,5.6409383
55,56,8,0,18,-10,4.9110007
55,56,9,0,18,-9,5.5835404
55,56,10,0,18,-8,6.3570333
55,56,11,0,18,-7,6.2030406
55,56,12,0,18,-6,6.7425499
55,56,13,0,18,-5,6.8022242
55,56,14,0,18,-4,7.3211193
55,56,15,0,18,-3,7.4732065
55,56,16,0,18,-2,7.0192518
55,56,17,0,18,-1,8.0754108
55,56,18,1,18,0,7.8847919
55,56,19,1,18,1,7.2368817
55,56,20,1,18,2,7.783308
55,56,21,1,18,3,7.4687958
55,56,22,1,18,4,7.9144082
55,56,23,1,18,5,8.108696
55,56,24,1,18,6,7.4910069
55,57,1,0,17,-16,5.2322512
55,57,2,0,17,-15,7.1816626
55,57,3,0,17,-14,7.4984159
55,57,4,0,17,-13,7.4281521
55,57,5,0,17,-12,7.5334215
55,57,6,0,17,-11,7.2787075
55,57,7,0,17,-10,7.4164319
55,57,8,0,17,-9,7.6845779
55,57,9,0,17,-8,7.6122065
55,57,10,0,17,-7,7.2189341
55,57,11,0,17,-6,7.2143478
55,57,12,0,17,-5,7.3700342
55,57,13,0,17,-4,7.6220813
55,57,14,0,17,-3,8.0286188
55,57,15,0,17,-2,7.7949605
55,57,16,0,17,-1,7.8000484
55,57,17,1,17,0,8.1856508
55,57,18,1,17,1,8.7154016
55,57,19,1,17,2,8.1921577
55,57,20,1,17,3,8.1489515
55,57,21,1,17,4,8.0909576
55,57,22,1,17,5,8.6051331
55,57,23,1,17,6,8.9557409
55,57,24,1,17,7,9.0413456
56,58,16,0,17,-1,7.4327464
56,58,17,1,17,0,8.7056475
56,58,18,1,17,1,8.8676252
56,58,19,1,17,2,9.1409512
56,58,20,1,17,3,9.0148354
56,58,21,1,17,4,9.2087994
56,58,22,1,17,5,9.3153543
56,58,23,1,17,6,9.0099487
56,58,24,1,17,7,8.9027367
57,59,7,0,17,-10,7.1758265
57,59,8,0,17,-9,7.9441833
57,59,9,0,17,-8,6.7415242
57,59,10,0,17,-7,5.6030617
57,59,11,0,17,-6,7.4813104
57,59,12,0,17,-5,7.4137015
57,59,13,0,17,-4,7.5953369
57,59,14,0,17,-3,7.693749
57,59,15,0,17,-2,7.3205562
57,59,16,0,17,-1,7.8563895
57,59,17,1,17,0,7.9602327
57,59,18,1,17,1,7.8487182
57,59,19,1,17,2,7.4592652
57,59,20,1,17,3,7.6902208
57,59,21,1,17,4,7.987782
57,59,22,1,17,5,7.6594114
57,59,23,1,17,6,7.3422494
57,59,24,1,17,7,7.6270146
58,60,13,0,18,-5,6.001132
58,60,14,0,18,-4,7.2254529
58,60,15,0,18,-3,6.8090296
58,60,16,0,18,-2,6.1248527
58,60,17,0,18,-1,8.8114691
58,60,18,1,18,0,8.5168161
58,60,19,1,18,1,8.2605047
58,60,20,1,18,2,6.7126102
58,60,21,1,18,3,7.7065639
58,60,22,1,18,4,8.4862814
58,60,23,1,18,5,8.7838621
58,60,24,1,18,6,8.3859854
59,61,1,0,18,-17,8.8739223
59,61,2,0,18,-16,8.8309174
59,61,3,0,18,-15,9.0130844
59,61,4,0,18,-14,8.8855705
59,61,5,0,18,-13,9.8168755
59,61,6,0,18,-12,9.1290255
59,61,7,0,18,-11,8.9235344
59,61,8,0,18,-10,9.2927427
59,61,9,0,18,-9,8.4064503
59,61,10,0,18,-8,8.583272
59,61,11,0,18,-7,8.8201551
59,61,12,0,18,-6,8.3898067
59,61,13,0,18,-5,8.6658096
59,61,14,0,18,-4,8.4806461
59,61,15,0,18,-3,8.3276615
59,61,16,0,18,-2,8.9232941
59,61,17,0,18,-1,9.980731
59,61,18,1,18,0,9.9013844
59,61,19,1,18,1,9.9111614
59,61,20,1,18,2,9.8626366
59,61,21,1,18,3,9.3529539
59,61,22,1,18,4,8.9080324
59,61,23,1,18,5,9.0920601
59,61,24,1,18,6,8.9744701
60,62,1,0,18,-17,10.755818
60,62,2,0,18,-16,10.726652
60,62,3,0,18,-15,10.463346
60,62,4,0,18,-14,10.312906
60,62,5,0,18,-13,10.419366
60,62,6,0,18,-12,10.226538
60,62,7,0,18,-11,10.34125
60,62,8,0,18,-10,10.290093
60,62,9,0,18,-9,10.025829
60,62,10,0,18,-8,9.9001579
60,62,11,0,18,-7,9.4942503
60,62,12,0,18,-6,9.1074009
60,62,13,0,18,-5,8.7378397
60,62,14,0,18,-4,8.6010303
60,62,15,0,18,-3,8.5164165
60,62,16,0,18,-2,8.3638763
60,62,17,0,18,-1,8.4031143
60,62,18,1,18,0,8.3842058
60,62,19,1,18,1,8.7490368
60,62,20,1,18,2,8.5142927
60,62,21,1,18,3,8.6778173
60,62,22,1,18,4,8.4280872
60,62,23,1,18,5,8.2150164
60,62,24,1,18,6,8.1488323
61,63,1,0,20,-19,9.3111897
61,63,2,0,20,-18,9.0532351
61,63,3,0,20,-17,8.8464155
61,63,4,0,20,-16,8.9898701
61,63,5,0,20,-15,9.2419043
61,63,6,0,20,-14,9.3143177
61,63,7,0,20,-13,9.0527811
61,63,8,0,20,-12,8.850853
61,63,9,0,20,-11,8.6991186
61,63,10,0,20,-10,8.5644951
61,63,11,0,20,-9,8.9274721
61,63,12,0,20,-8,8.9109058
61,63,13,0,20,-7,9.0800304
61,63,14,0,20,-6,8.8132734
61,63,15,0,20,-5,8.9893532
61,63,16,0,20,-4,8.9862299
61,63,17,0,20,-3,9.1124077
61,63,18,0,20,-2,9.3789701
61,63,19,0,20,-1,9.0691624
61,63,20,1,20,0,9.0384007
61,63,21,1,20,1,8.8404331
61,63,22,1,20,2,8.6967831
61,63,23,1,20,3,8.5717239
61,63,24,1,20,4,8.4408588
62,64,1,0,21,-20,6.2929997
62,64,2,0,21,-19,8.1233082
62,64,3,0,21,-18,7.8618774
62,64,4,0,21,-17,6.392622
62,64,5,0,21,-16,5.9663353
62,64,6,0,21,-15,5.5195942
62,64,7,0,21,-14,6.5306873
62,64,8,0,21,-13,7.8003764
62,64,9,0,21,-12,6.5428386
62,64,10,0,21,-11,8.0277815
62,64,11,0,21,-10,6.9823842
62,64,12,0,21,-9,8.0921822
62,64,13,0,21,-8,5.6653113
62,64,14,0,21,-7,7.3163919
62,64,15,0,21,-6,7.534441
62,64,16,0,21,-5,7.6189055
62,64,17,0,21,-4,6.0472913
62,64,18,0,21,-3,7.2150412
62,64,19,0,21,-2,8.2914047
62,64,20,0,21,-1,7.4896379
62,64,21,1,21,0,8.4040442
62,64,22,1,21,1,7.7981253
62,64,23,1,21,2,7.5473537
62,64,24,1,21,3,7.5412235
63,65,1,0,21,-20,6.3045464
63,65,2,0,21,-19,5.2461457
63,65,3,0,21,-18,5.990416
63,65,4,0,21,-17,5.7145381
63,65,5,0,21,-16,5.7207174
63,65,6,0,21,-15,5.8303261
63,65,7,0,21,-14,5.6819057
63,65,8,0,21,-13,6.0364413
63,65,9,0,21,-12,6.5688429
63,65,10,0,21,-11,7.144412
63,65,11,0,21,-10,7.2799425
63,65,12,0,21,-9,7.4192538
63,65,13,0,21,-8,5.3294697
63,65,14,0,21,-7,6.8353009
63,65,15,0,21,-6,6.1461906
63,65,16,0,21,-5,6.845664
63,65,17,0,21,-4,6.4375229
63,65,18,0,21,-3,6.9333477
63,65,19,0,21,-2,7.0117397
63,65,20,0,21,-1,7.749166
63,65,21,1,21,0,8.1252699
63,65,22,1,21,1,7.754859
63,65,23,1,21,2,8.0782938
63,65,24,1,21,3,8.870019
64,66,1,0,21,-20,8.9423094
64,66,2,0,21,-19,8.8047314
64,66,3,0,21,-18,9.040349
64,66,4,0,21,-17,8.3455868
64,66,5,0,21,-16,8.8591557
64,66,6,0,21,-15,8.8501635
64,66,7,0,21,-14,8.4050531
64,66,8,0,21,-13,8.4087763
64,66,9,0,21,-12,7.6403317
64,66,10,0,21,-11,7.3643079
64,66,11,0,21,-10,7.546267
64,66,12,0,21,-9,8.0982504
64,66,13,0,21,-8,7.928504
64,66,14,0,21,-7,8.4501324
64,66,15,0,21,-6,8.2334871
64,66,16,0,21,-5,8.735527
64,66,17,0,21,-4,8.3810139
64,66,18,0,21,-3,7.9371009
64,66,19,0,21,-2,8.2792206
64,66,20,0,21,-1,8.5643921
64,66,21,1,21,0,8.597436
64,66,22,1,21,1,8.9985218
64,66,23,1,21,2,8.3804636
64,66,24,1,21,3,9.0414629
65,67,1,0,21,-20,6.5818696
65,67,2,0,21,-19,6.8647814
65,67,3,0,21,-18,6.6515512
65,67,4,0,21,-17,6.6639981
65,67,5,0,21,-16,6.4822679
65,67,6,0,21,-15,6.8257666
65,67,7,0,21,-14,6.5269918
65,67,8,0,21,-13,7.4144635
65,67,9,0,21,-12,7.3070979
65,67,10,0,21,-11,6.4104548
65,67,11,0,21,-10,6.4801879
65,67,12,0,21,-9,6.8679681
65,67,13,0,21,-8,6.7810526
65,67,14,0,21,-7,6.7674828
65,67,15,0,21,-6,6.9521761
65,67,16,0,21,-5,6.6824179
65,67,17,0,21,-4,7.0028892
65,67,18,0,21,-3,7.1148386
65,67,19,0,21,-2,6.4714141
65,67,20,0,21,-1,7.2718234
65,67,21,1,21,0,7.4209065
65,67,22,1,21,1,7.2636762
65,67,23,1,21,2,7.2086587
65,67,24,1,21,3,7.3332815
66,68,1,0,22,-21,3.9223652
66,68,2,0,22,-20,3.9067266
66,68,3,0,22,-19,2.553266
66,68,5,0,22,-17,3.3905947
66,68,6,0,22,-16,3.6552968
66,68,7,0,22,-15,4.394196
66,68,8,0,22,-14,5.3198934
66,68,9,0,22,-13,5.5937681
66,68,10,0,22,-12,6.1452746
66,68,11,0,22,-11,6.5837607
66,68,12,0,22,-10,6.9733839
66,68,13,0,22,-9,7.0445113
66,68,14,0,22,-8,7.3199253
66,68,15,0,22,-7,7.3405108
66,68,16,0,22,-6,7.5710535
66,68,17,0,22,-5,7.9639297
66,68,18,0,22,-4,8.5314846
66,68,19,0,22,-3,8.3095627
66,68,20,0,22,-2,8.7471609
66,68,21,0,22,-1,8.3031883
66,68,22,1,22,0,8.4020452
66,68,23,1,22,1,8.5267859
66,68,24,1,22,2,8.574235
67,69,1,0,22,-21,7.2440634
67,69,2,0,22,-20,7.5950689
67,69,3,0,22,-19,7.8103509
67,69,4,0,22,-18,7.0723643
67,69,5,0,22,-17,7.4975867
67,69,6,0,22,-16,7.3905988
67,69,7,0,22,-15,6.5042887
67,69,8,0,22,-14,6.8627691
67,69,9,0,22,-13,7.1380901
67,69,10,0,22,-12,6.9529109
67,69,11,0,22,-11,6.4915891
67,69,12,0,22,-10,6.3765893
67,69,13,0,22,-9,7.7574468
67,69,14,0,22,-8,7.5427575
67,69,15,0,22,-7,8.2127142
67,69,16,0,22,-6,8.5303078
67,69,17,0,22,-5,8.4074469
67,69,18,0,22,-4,8.2795925
67,69,19,0,22,-3,8.2193518
67,69,20,0,22,-2,7.866168
67,69,21,0,22,-1,8.0552053
67,69,22,1,22,0,8.2624731
67,69,23,1,22,1,7.9367867
67,69,24,1,22,2,8.3553572
68,70,1,0,22,-21,8.2881708
68,70,2,0,22,-20,7.9969573
68,70,3,0,22,-19,8.4692307
68,70,4,0,22,-18,8.5434093
68,70,5,0,22,-17,8.6017294
68,70,6,0,22,-16,8.4983158
68,70,7,0,22,-15,8.9062786
68,70,8,0,22,-14,8.9775305
68,70,9,0,22,-13,9.0336208
68,70,10,0,22,-12,8.7946997
68,70,11,0,22,-11,8.8647499
68,70,12,0,22,-10,8.7848577
68,70,13,0,22,-9,8.9257507
68,70,14,0,22,-8,8.623642
68,70,15,0,22,-7,8.6776009
68,70,16,0,22,-6,8.7255974
68,70,17,0,22,-5,8.5736694
68,70,18,0,22,-4,9.1073704
68,70,19,0,22,-3,8.9925032
68,70,20,0,22,-2,8.873312
68,70,21,0,22,-1,8.7508621
68,70,22,1,22,0,8.9400558
68,70,23,1,22,1,8.8649607
68,70,24,1,22,2,8.6049404
69,71,5,0,29,-24,8.5931673
69,71,6,0,29,-23,8.5710459
69,71,7,0,29,-22,8.4654741
69,71,8,0,29,-21,8.5077314
69,71,9,0,29,-20,8.8377981
69,71,10,0,29,-19,8.7258034
69,71,11,0,29,-18,8.7708149
69,71,12,0,29,-17,8.8239002
69,71,13,0,29,-16,8.7153425
69,71,14,0,29,-15,8.6567612
69,71,15,0,29,-14,8.9289665
69,71,16,0,29,-13,8.7600136
69,71,17,0,29,-12,8.7707472
69,71,18,0,29,-11,8.8501158
69,71,19,0,29,-10,8.5817175
69,71,20,0,29,-9,8.7660961
69,71,21,0,29,-8,8.9363947
69,71,22,0,29,-7,9.2299156
69,71,23,0,29,-6,9.1837769
69,71,24,0,29,-5,9.1358557
70,72,1,0,23,-22,7.6628337
70,72,2,0,23,-21,7.8912902
70,72,3,0,23,-20,8.1923046
70,72,4,0,23,-19,8.4131327
70,72,5,0,23,-18,8.7075682
70,72,6,0,23,-17,8.4862947
70,72,7,0,23,-16,8.5791731
70,72,8,0,23,-15,8.6826715
70,72,9,0,23,-14,8.5516748
70,72,10,0,23,-13,8.4625082
70,72,11,0,23,-12,8.6424856
70,72,12,0,23,-11,8.2461672
70,72,13,0,23,-10,8.3068695
70,72,14,0,23,-9,8.4200268
70,72,15,0,23,-8,8.2755079
70,72,16,0,23,-7,8.6355925
70,72,17,0,23,-6,8.8237085
70,72,18,0,23,-5,8.6796846
70,72,19,0,23,-4,8.432765
70,72,20,0,23,-3,8.6372461
70,72,21,0,23,-2,8.4905844
70,72,22,0,23,-1,8.2248459
70,72,23,1,23,0,8.6355181
70,72,24,1,23,1,8.2260456
71,73,1,0,23,-22,5.3704767
71,73,2,0,23,-21,5.1018744
71,73,3,0,23,-20,4.8255253
71,73,4,0,23,-19,5.9873929
71,73,5,0,23,-18,6.0117931
71,73,6,0,23,-17,7.9197583
71,73,7,0,23,-16,8.1656733
71,73,8,0,23,-15,8.3290424
71,73,9,0,23,-14,7.2886834
71,73,10,0,23,-13,7.1271687
71,73,11,0,23,-12,7.0224576
71,73,12,0,23,-11,7.9479966
71,73,13,0,23,-10,6.6065354
71,73,14,0,23,-9,6.8553805
71,73,15,0,23,-8,6.7568693
71,73,16,0,23,-7,6.7751346
71,73,17,0,23,-6,6.3300581
71,73,18,0,23,-5,6.3762789
71,73,19,0,23,-4,6.360322
71,73,20,0,23,-3,5.6963153
71,73,21,0,23,-2,6.1145797
71,73,22,0,23,-1,6.0646367
71,73,23,1,23,0,5.9609761
71,73,24,1,23,1,5.5621514
72,74,1,0,24,-23,8.2555971
72,74,2,0,24,-22,8.7972088
72,74,3,0,24,-21,8.6238289
72,74,4,0,24,-20,9.0455923
72,74,5,0,24,-19,8.909565
72,74,6,0,24,-18,8.6043863
72,74,7,0,24,-17,8.2017012
72,74,8,0,24,-16,8.8667145
72,74,9,0,24,-15,7.6563063
72,74,10,0,24,-14,7.3304625
72,74,11,0,24,-13,8.5666914
72,74,12,0,24,-12,6.6509752
72,74,13,0,24,-11,7.0906677
72,74,14,0,24,-10,6.8464384
72,74,15,0,24,-9,7.3471327
72,74,16,0,24,-8,7.1743541
72,74,17,0,24,-7,8.0613976
72,74,18,0,24,-6,8.360014
72,74,19,0,24,-5,7.4460807
72,74,20,0,24,-4,7.1473155
72,74,21,0,24,-3,7.2159758
72,74,22,0,24,-2,6.9715853
72,74,23,0,24,-1,6.8294153
72,74,24,1,24,0,6.5764637
73,75,1,0,25,-24,9.4661531
73,75,2,0,25,-23,9.7081661
73,75,3,0,25,-22,9.7103863
73,75,4,0,25,-21,9.8968086
73,75,5,0,25,-20,10.157615
73,75,6,0,25,-19,9.9853802
73,75,7,0,25,-18,9.8881426
73,75,8,0,25,-17,10.109022
73,75,9,0,25,-16,9.4126892
73,75,10,0,25,-15,9.5425358
73,75,11,0,25,-14,9.9444447
73,75,12,0,25,-13,9.6820021
73,75,13,0,25,-12,9.6641235
73,75,14,0,25,-11,9.9957132
73,75,15,0,25,-10,10.232426
73,75,16,0,25,-9,10.043744
73,75,17,0,25,-8,10.495017
73,75,18,0,25,-7,10.242209
73,75,19,0,25,-6,10.448993
73,75,20,0,25,-5,10.230804
73,75,21,0,25,-4,10.383214
73,75,22,0,25,-3,9.9574518
73,75,23,0,25,-2,10.063925
73,75,24,0,25,-1,9.913722
74,76,13,0,27,-14,7.7714868
74,76,14,0,27,-13,8.0889254
74,76,15,0,27,-12,8.1979494
74,76,16,0,27,-11,8.0082121
74,76,17,0,27,-10,7.9336376
74,76,18,0,27,-9,7.9119248
74,76,19,0,27,-8,7.8330488
74,76,20,0,27,-7,7.9502478
74,76,21,0,27,-6,8.1285
74,76,22,0,27,-5,8.3886528
74,76,23,0,27,-4,7.9830003
74,76,24,0,27,-3,8.1409473
75,77,16,0,25,-9,6.3963313
75,77,17,0,25,-8,6.2328954
75,77,18,0,25,-7,5.4631529
75,77,19,0,25,-6,5.551908
75,77,20,0,25,-5,4.987031
75,77,21,0,25,-4,5.1782246
75,77,22,0,25,-3,8.40798
75,77,23,0,25,-2,8.413518
75,77,24,0,25,-1,8.6409416
76,78,2,0,26,-24,5.1378703
76,78,3,0,26,-23,5.0061297
76,78,4,0,26,-22,5.2543006
76,78,5,0,26,-21,5.2770815
76,78,6,0,26,-20,5.0731478
76,78,7,0,26,-19,5.6712174
76,78,8,0,26,-18,6.2645545
76,78,9,0,26,-17,5.9455566
76,78,10,0,26,-16,5.9059005
76,78,11,0,26,-15,5.4280887
76,78,12,0,26,-14,6.5353136
76,78,13,0,26,-13,5.9092879
76,78,14,0,26,-12,6.3539243
76,78,15,0,26,-11,6.3682737
76,78,16,0,26,-10,6.0654869
76,78,17,0,26,-9,6.6673641
76,78,18,0,26,-8,6.7728577
76,78,19,0,26,-7,6.6983371
76,78,20,0,26,-6,7.2538991
76,78,21,0,26,-5,7.9340467
76,78,22,0,26,-4,7.2419567
76,78,23,0,26,-3,7.4975753
77,79,2,0,26,-24,8.1724176
77,79,3,0,26,-23,7.3468199
77,79,4,0,26,-22,8.7929888
77,79,5,0,26,-21,8.8329668
77,79,6,0,26,-20,8.8453751
77,79,7,0,26,-19,8.1369715
77,79,8,0,26,-18,7.7847042
77,79,9,0,26,-17,8.1392574
77,79,10,0,26,-16,8.8448563
77,79,11,0,26,-15,8.1546631
77,79,12,0,26,-14,8.297471
77,79,13,0,26,-13,8.2334242
77,79,14,0,26,-12,7.558814
77,79,15,0,26,-11,8.2715778
77,79,16,0,26,-10,8.2211857
77,79,17,0,26,-9,8.6338682
77,79,18,0,26,-8,9.0844202
77,79,19,0,26,-7,8.0576458
77,79,20,0,26,-6,9.4876823
77,79,21,0,26,-5,9.0597076
77,79,22,0,26,-4,8.1087923
77,79,23,0,26,-3,7.9050078
78,80,13,0,28,-15,8.2488203
78,80,14,0,28,-14,8.6729565
78,80,15,0,28,-13,9.1184177
78,80,16,0,28,-12,9.2739229
78,80,17,0,28,-11,8.8814754
78,80,18,0,28,-10,8.6501131
78,80,19,0,28,-9,8.7398367
78,80,20,0,28,-8,8.8307209
78,80,21,0,28,-7,8.7518187
78,80,22,0,28,-6,8.4952888
78,80,23,0,28,-5,8.5417175
78,80,24,0,28,-4,8.3862667
79,81,5,0,28,-23,8.2121849
79,81,6,0,28,-22,8.9468918
79,81,7,0,28,-21,7.052309
79,81,8,0,28,-20,7.47754
79,81,9,0,28,-19,7.3510723
79,81,10,0,28,-18,7.6539755
79,81,11,0,28,-17,8.0592899
79,81,12,0,28,-16,8.231287
79,81,13,0,28,-15,6.5945592
79,81,14,0,28,-14,7.8035588
79,81,15,0,28,-13,7.5129399
79,81,16,0,28,-12,7.5066366
79,81,17,0,28,-11,8.1155043
79,81,18,0,28,-10,8.6597919
79,81,19,0,28,-9,7.6101327
79,81,20,0,28,-8,7.8474112
79,81,21,0,28,-7,7.1141238
79,81,22,0,28,-6,7.691474
79,81,23,0,28,-5,6.6706114
79,81,24,0,28,-4,6.6837759
80,82,5,0,28,-23,5.2606964
80,82,6,0,28,-22,5.8775606
80,82,7,0,28,-21,5.3513932
80,82,8,0,28,-20,5.8230262
80,82,9,0,28,-19,5.4019394
80,82,10,0,28,-18,6.0596848
80,82,11,0,28,-17,6.0502758
80,82,12,0,28,-16,5.5996399
80,82,13,0,28,-15,5.6569462
80,82,14,0,28,-14,5.8003478
80,82,15,0,28,-13,6.2707329
80,82,16,0,28,-12,6.153254
80,82,17,0,28,-11,6.7124815
80,82,18,0,28,-10,5.8200011
80,82,19,0,28,-9,6.4813914
80,82,20,0,28,-8,6.1332102
80,82,21,0,28,-7,6.0040889
80,82,22,0,28,-6,5.8169389
80,82,23,0,28,-5,8.5400801
80,82,24,0,28,-4,9.1782761
81,83,5,0,29,-24,7.3281264
81,83,6,0,29,-23,7.0808659
81,83,7,0,29,-22,7.3289242
81,83,8,0,29,-21,7.786087
81,83,9,0,29,-20,8.0517693
81,83,10,0,29,-19,8.2422838
81,83,11,0,29,-18,8.1047821
81,83,12,0,29,-17,8.5205002
81,83,13,0,29,-16,8.3104067
81,83,14,0,29,-15,8.025733
81,83,15,0,29,-14,8.0693283
81,83,16,0,29,-13,7.9747572
81,83,17,0,29,-12,7.8763995
81,83,18,0,29,-11,8.2730846
81,83,19,0,29,-10,7.9563994
81,83,20,0,29,-9,8.6554079
81,83,21,0,29,-8,8.4866343
81,83,22,0,29,-7,8.4733744
81,83,23,0,29,-6,8.2809134
81,83,24,0,29,-5,8.8655682
82,84,5,0,29,-24,9.448432
82,84,6,0,29,-23,8.8333101
82,84,7,0,29,-22,8.6937094
82,84,8,0,29,-21,8.9771471
82,84,9,0,29,-20,9.5184488
82,84,10,0,29,-19,10.112135
82,84,11,0,29,-18,10.306407
82,84,12,0,29,-17,10.171648
82,84,13,0,29,-16,10.000222
82,84,14,0,29,-15,10.097898
82,84,15,0,29,-14,10.091978
82,84,16,0,29,-13,9.7256899
82,84,17,0,29,-12,9.6677227
82,84,18,0,29,-11,9.2869596
82,84,19,0,29,-10,8.9361315
82,84,20,0,29,-9,8.971591
82,84,21,0,29,-8,10.136019
82,84,22,0,29,-7,10.835098
82,84,23,0,29,-6,10.610425
82,84,24,0,29,-5,10.127744
83,85,5,0,29,-24,7.5735264
83,85,6,0,29,-23,7.6963181
83,85,7,0,29,-22,7.0498538
83,85,8,0,29,-21,6.929419
83,85,22,0,29,-7,5.8231049
84,86,6,0,30,-24,8.7248363
84,86,7,0,30,-23,7.9954662
84,86,8,0,30,-22,7.8975463
84,86,9,0,30,-21,8.3808603
84,86,10,0,30,-20,8.2913256
84,86,11,0,30,-19,7.5596886
84,86,12,0,30,-18,7.6247478
84,86,13,0,30,-17,7.8893256
84,86,14,0,30,-16,7.8099642
84,86,15,0,30,-15,7.3242302
84,86,16,0,30,-14,7.8107257
84,86,17,0,30,-13,9.5071802
84,86,18,0,30,-12,9.7205811
84,86,19,0,30,-11,8.8181696
84,86,20,0,30,-10,8.9327898
84,86,21,0,30,-9,8.8457899
84,86,22,0,30,-8,8.7397442
84,86,23,0,30,-7,8.2468033
84,86,24,0,30,-6,7.8905373
85,87,14,0,38,-24,9.3853931
85,87,15,0,38,-23,9.7770319
85,87,16,0,38,-22,9.8277225
85,87,17,0,38,-21,9.6998138
85,87,18,0,38,-20,9.998601
85,87,19,0,38,-19,10.148756
85,87,20,0,38,-18,9.8617134
85,87,21,0,38,-17,9.8882656
85,87,22,0,38,-16,9.7575121
85,87,23,0,38,-15,9.8744802
85,87,24,0,38,-14,9.9114122
86,88,13,0,31,-18,8.4721622
86,88,14,0,31,-17,8.5177469
86,88,15,0,31,-16,8.3893776
86,88,16,0,31,-15,8.5266418
86,88,17,0,31,-14,8.5675697
86,88,18,0,31,-13,8.3254709
86,88,19,0,31,-12,8.4697647
86,88,20,0,31,-11,8.6110773
86,88,21,0,31,-10,8.096406
86,88,22,0,31,-9,7.9863806
86,88,23,0,31,-8,7.9654913
86,88,24,0,31,-7,8.176897
87,89,10,0,34,-24,9.0539484
87,89,11,0,34,-23,9.1249094
87,89,12,0,34,-22,9.451951
87,89,13,0,34,-21,9.0258417
87,89,14,0,34,-20,9.2588511
87,89,15,0,34,-19,10.333249
87,89,16,0,34,-18,10.602513
87,89,17,0,34,-17,11.4164
87,89,18,0,34,-16,10.555767
87,89,19,0,34,-15,9.1177845
87,89,20,0,34,-14,9.4753666
87,89,21,0,34,-13,9.5974512
87,89,22,0,34,-12,9.7668686
87,89,23,0,34,-11,9.5163364
87,89,24,0,34,-10,9.8568392
88,90,8,0,32,-24,9.4382782
88,90,9,0,32,-23,9.2106037
88,90,10,0,32,-22,9.0278769
88,90,11,0,32,-21,9.1686478
88,90,12,0,32,-20,9.405818
88,90,13,0,32,-19,10.360786
88,90,14,0,32,-18,10.00351
88,90,15,0,32,-17,9.1364574
88,90,16,0,32,-16,8.5638943
88,90,17,0,32,-15,8.7084007
88,90,18,0,32,-14,8.425746
88,90,19,0,32,-13,8.5982904
88,90,20,0,32,-12,9.2856874
88,90,21,0,32,-11,8.9364119
88,90,22,0,32,-10,8.7073498
88,90,23,0,32,-9,9.0689983
88,90,24,0,32,-8,9.6614113
89,91,9,0,33,-24,6.2684107
89,91,10,0,33,-23,5.9633832
89,91,11,0,33,-22,6.2948446
89,91,12,0,33,-21,6.6921487
89,91,13,0,33,-20,7.680191
89,91,14,0,33,-19,8.2496691
89,91,15,0,33,-18,8.4808464
89,91,16,0,33,-17,7.8838768
89,91,17,0,33,-16,8.1797295
89,91,18,0,33,-15,7.6141882
89,91,19,0,33,-14,8.6912479
89,91,20,0,33,-13,8.5458679
89,91,21,0,33,-12,8.5580549
89,91,22,0,33,-11,8.6154613
89,91,23,0,33,-10,8.5907726
89,91,24,0,33,-9,8.5116377
90,92,8,0,32,-24,7.1088581
90,92,9,0,32,-23,8.1243153
90,92,10,0,32,-22,7.3290563
90,92,11,0,32,-21,6.7363214
90,92,12,0,32,-20,6.6352401
90,92,13,0,32,-19,6.6356249
90,92,14,0,32,-18,6.5321312
90,92,15,0,32,-17,7.0425386
90,92,16,0,32,-16,8.4009161
90,92,17,0,32,-15,6.9618006
90,92,18,0,32,-14,7.0944762
90,92,19,0,32,-13,7.4677191
90,92,20,0,32,-12,7.7421513
90,92,21,0,32,-11,7.5081844
90,92,22,0,32,-10,7.371861
90,92,23,0,32,-9,8.5564852
90,92,24,0,32,-8,7.4814763
91,93,9,0,33,-24,7.9119639
91,93,10,0,33,-23,7.2318053
91,93,11,0,33,-22,7.1586852
91,93,12,0,33,-21,7.1251879
91,93,13,0,33,-20,7.02702
91,93,14,0,33,-19,7.1293607
91,93,15,0,33,-18,7.4541407
91,93,16,0,33,-17,7.8105955
91,93,17,0,33,-16,7.6590199
91,93,18,0,33,-15,8.1239958
91,93,19,0,33,-14,7.1046176
91,93,20,0,33,-13,7.1914248
91,93,21,0,33,-12,7.2960038
91,93,22,0,33,-11,7.2998137
91,93,23,0,33,-10,7.6319118
91,93,24,0,33,-9,7.9498463
92,94,9,0,33,-24,8.3547268
92,94,10,0,33,-23,7.6736383
92,94,11,0,33,-22,7.1120915
92,94,12,0,33,-21,7.5199256
92,94,13,0,33,-20,5.9503131
92,94,14,0,33,-19,8.818119
92,94,15,0,33,-18,8.2193766
92,94,16,0,33,-17,7.1763372
92,94,17,0,33,-16,8.5779781
92,94,18,0,33,-15,7.8846421
92,94,19,0,33,-14,8.2495136
92,94,20,0,33,-13,6.9448929
92,94,21,0,33,-12,8.6272936
92,94,22,0,33,-11,8.4490118
92,94,23,0,33,-10,7.7704043
92,94,24,0,33,-9,7.2168465
93,95,10,0,34,-24,6.5228457
93,95,11,0,34,-23,7.4983902
93,95,12,0,34,-22,7.3420377
93,95,13,0,34,-21,7.8081026
93,95,14,0,34,-20,7.8324018
93,95,15,0,34,-19,7.7577806
93,95,16,0,34,-18,7.912591
93,95,17,0,34,-17,8.3218956
93,95,18,0,34,-16,6.5550241
93,95,19,0,34,-15,8.7507467
93,95,20,0,34,-14,7.3114605
93,95,21,0,34,-13,8.317234
93,95,22,0,34,-12,7.1794014
93,95,23,0,34,-11,7.7176342
93,95,24,0,34,-10,7.3320408
94,96,10,0,34,-24,6.4916048
94,96,11,0,34,-23,7.2984176
94,96,12,0,34,-22,7.4157901
94,96,13,0,34,-21,7.532464
94,96,14,0,34,-20,8.1567907
94,96,15,0,34,-19,8.6088047
94,96,16,0,34,-18,8.9419851
94,96,17,0,34,-17,8.8784285
94,96,18,0,34,-16,9.0984306
94,96,19,0,34,-15,9.3524036
94,96,20,0,34,-14,9.1737423
94,96,21,0,34,-13,9.1133814
94,96,22,0,34,-12,9.0479527
94,96,23,0,34,-11,9.0141363
94,96,24,0,34,-10,9.3489761
95,97,11,0,34,-23,10.121552
95,97,12,0,34,-22,9.8671083
95,97,13,0,34,-21,9.8571138
95,97,14,0,34,-20,9.9506645
95,97,15,0,34,-19,10.520132
95,97,16,0,34,-18,9.7604179
95,97,17,0,34,-17,10.639088
95,97,18,0,34,-16,10.66711
95,97,19,0,34,-15,10.080743
95,97,20,0,34,-14,10.053711
95,97,21,0,34,-13,9.8582277
95,97,22,0,34,-12,10.406936
95,97,23,0,34,-11,9.3232851
95,97,24,0,34,-10,9.981123
96,98,11,0,35,-24,9.2936201
96,98,12,0,35,-23,9.1516504
96,98,13,0,35,-22,9.1418514
96,98,14,0,35,-21,9.1776447
96,98,15,0,35,-20,8.985568
96,98,16,0,35,-19,9.0656261
96,98,17,0,35,-18,9.5534325
96,98,18,0,35,-17,8.5354099
96,98,19,0,35,-16,8.6712551
96,98,20,0,35,-15,8.9701319
96,98,21,0,35,-14,9.0562639
96,98,22,0,35,-13,9.2165546
96,98,23,0,35,-12,9.1521196
96,98,24,0,35,-11,9.1524334
97,99,11,0,35,-24,9.3893471
97,99,12,0,35,-23,8.9048042
97,99,13,0,35,-22,9.0263777
97,99,14,0,35,-21,9.4954433
97,99,15,0,35,-20,9.1509695
97,99,16,0,35,-19,8.9117804
97,99,17,0,35,-18,9.5457401
97,99,18,0,35,-17,9.1873455
97,99,19,0,35,-16,8.916151
97,99,20,0,35,-15,9.1140146
97,99,21,0,35,-14,8.8089075
97,99,22,0,35,-13,8.6746244
97,99,23,0,35,-12,8.4660006
97,99,24,0,35,-11,8.3279829
98,100,12,0,36,-24,9.6135912
98,100,13,0,36,-23,9.5998316
98,100,14,0,36,-22,9.7304144
98,100,15,0,36,-21,10.009241
98,100,16,0,36,-20,10.23551
98,100,17,0,36,-19,11.03896
98,100,18,0,36,-18,11.723716
98,100,19,0,36,-17,10.41682
98,100,20,0,36,-16,10.452908
98,100,21,0,36,-15,10.402369
98,100,22,0,36,-14,9.6776991
98,100,23,0,36,-13,9.4494562
98,100,24,0,36,-12,9.6507359
99,101,12,0,36,-24,5.7810664
99,101,13,0,36,-23,6.1222625
99,101,14,0,36,-22,6.0601015
99,101,15,0,36,-21,7.1949224
99,101,16,0,36,-20,6.9548883
99,101,17,0,36,-19,7.9384437
99,101,18,0,36,-18,7.5919638
99,101,19,0,36,-17,7.0926051
99,101,20,0,36,-16,6.659441
99,101,21,0,36,-15,7.6524725
99,101,22,0,36,-14,7.7863407
99,101,23,0,36,-13,7.9623737
99,101,24,0,36,-12,7.670558
100,102,14,0,38,-24,8.5607948
100,102,15,0,38,-23,8.5350542
100,102,16,0,38,-22,9.0622549
100,102,17,0,38,-21,9.3497038
100,102,18,0,38,-20,9.5472002
100,102,19,0,38,-19,9.0339499
100,102,20,0,38,-18,8.9242306
100,102,21,0,38,-17,8.7726898
100,102,22,0,38,-16,8.8432026
100,102,23,0,38,-15,8.8033495
100,102,24,0,38,-14,8.6281595
101,103,14,0,38,-24,9.4115839
101,103,15,0,38,-23,9.1898708
101,103,16,0,38,-22,9.0622711
101,103,17,0,38,-21,9.4225178
101,103,18,0,38,-20,9.3250122
101,103,19,0,38,-19,8.7388687
101,103,20,0,38,-18,8.4583492
101,103,21,0,38,-17,8.4784451
101,103,22,0,38,-16,9.0971375
101,103,23,0,38,-15,8.8621273
101,103,24,0,38,-14,9.0582037
102,104,15,0,39,-24,10.392209
102,104,16,0,39,-23,10.230007
102,104,17,0,39,-22,10.228794
102,104,18,0,39,-21,10.323405
102,104,19,0,39,-20,10.454779
102,104,20,0,39,-19,10.429038
102,104,21,0,39,-18,10.353307
102,104,22,0,39,-17,11.53793
102,104,23,0,39,-16,11.503161
102,104,24,0,39,-15,11.454059
103,105,15,0,39,-24,7.2725816
103,105,16,0,39,-23,7.9666429
103,105,17,0,39,-22,8.7544041
103,105,18,0,39,-21,7.4598517
103,105,19,0,39,-20,8.1720371
103,105,20,0,39,-19,7.6519046
103,105,21,0,39,-18,7.7331228
103,105,22,0,39,-17,8.2645798
103,105,23,0,39,-16,7.6912217
103,105,24,0,39,-15,7.8706689
104,106,16,0,40,-24,7.042213
104,106,17,0,40,-23,7.2171574
104,106,18,0,40,-22,7.3731356
104,106,19,0,40,-21,7.0900803
104,106,20,0,40,-20,7.4358311
104,106,21,0,40,-19,7.4329658
104,106,22,0,40,-18,7.1532331
104,106,23,0,40,-17,7.4272513
104,106,24,0,40,-16,7.1237092
105,107,16,0,40,-24,7.3429446
105,107,17,0,40,-23,7.430593
105,107,18,0,40,-22,7.2348542
105,107,19,0,40,-21,6.5867958
105,107,20,0,40,-20,6.7889242
105,107,21,0,40,-19,6.720881
105,107,22,0,40,-18,6.876266
105,107,23,0,40,-17,6.7827649
105,107,24,0,40,-16,7.0166092